RHEA_ID,Protein,Stoichiometry,Subunit,KEGG_ID,EC,DeltaG,RevIndex
RHEA:42424,SAPIG2099,1,0,R03898,4.2.1.35,8.792923733489147,3.5489302901341864
RHEA:42424,SAPIG2098,1,0,R03898,4.2.1.35,8.792923733489147,3.5489302901341864
RHEA:17400,SAPIG1230,1,0,R02767,1.1.1.100       1.1.1.-,,
RHEA:24930,SAPIG0438,1,0,R02408,4.4.1.1         4.4.1.13        4.4.1.35,1.1264293470574955,0.22732024925013833
RHEA:24930,SAPIG0526,1,0,R02408,4.4.1.1         4.4.1.13        4.4.1.35,1.1264293470574955,0.22732024925013833
RHEA:15216,SAPIG1414,1,0,R02570,2.3.1.61,,
RHEA:24411,SAPIG0481,1,0,R01560,3.5.4.4,-37.40101597981206,-10.06366805214912
RHEA:24411,SAPIG1184,1,0,R01560,3.5.4.4,-37.40101597981206,-10.06366805214912
RHEA:17216,SAPIG0169,1,0,R00420,5.1.3.14,1.5328480075672815,0.6186759818589613
RHEA:17216,SAPIG0178,1,0,R00420,5.1.3.14,1.5328480075672815,0.6186759818589613
RHEA:17216,SAPIG2153,1,0,R00420,5.1.3.14,1.5328480075672815,0.6186759818589613
RHEA:30391,SAPIG2611,1,0,R12507,2.6.1.117,-0.6638775270132555,-0.13397449676399079
RHEA:30734,SAPIG0243,1,0,R01175,1.3.3.6         1.3.8.1         1.3.8.7         1.3.99.-,35.12898213717858,7.089240879765088
RHEA:10895,SAPIG2097,1,0,R04426,1.1.1.85,15.626074417381687,3.1534362458146314
RHEA:21651,SAPIG2010,1,0,R01373,4.2.1.51        4.2.1.91,-96.32674765109303,-25.919093038194163
RHEA:16796,SAPIG1209,1,0,R03269,4.1.1.36,-38.28894900072626,-10.30258838468356
RHEA:10163,SAPIG0260,1,0,R07145,1.1.1.14,9.148692685639844,1.8462614695233213
RHEA:24023,SAPIG0943,1,0,R01086,4.3.2.1,-26.744680526322696,-7.196317531132503
RHEA:24059,SAPIG1104,1,0,R07343,3.1.3.25,,
RHEA:13716,SAPIG1144,1,1,R02164,1.3.5.1,,
RHEA:13716,SAPIG1145,1,1,R02164,1.3.5.1,,
RHEA:32746,SAPIG0525,1,0,R10305,2.5.1.134,-59.26378695490695,-11.959790338638
RHEA:18164,SAPIG0241,1,0,R03991,2.3.1.16        2.3.1.155,30.173820388935383,6.089259294921044
RHEA:18164,SAPIG1581,1,0,R03991,2.3.1.16        2.3.1.155,30.173820388935383,6.089259294921044
RHEA:29378,SAPIG0025,1,0,R00183,3.1.3.5,-31.687145927357612,-8.526210044803664
RHEA:29378,SAPIG0159,1,0,R00183,3.1.3.5,-31.687145927357612,-8.526210044803664
RHEA:29378,SAPIG1104,1,0,R00183,3.1.3.5,-31.687145927357612,-8.526210044803664
RHEA:51619,SAPIG2664,1,0,R11634,1.1.98.6,-62.47542507422793,-12.607918319050095
RHEA:28361,SAPIG0243,1,0,R03990,1.3.3.6         1.3.8.7         1.3.8.8         1.3.8.9,40.69752348196607,8.213006173845429
RHEA:27377,SAPIG0818,1,0,R08572,2.7.1.165,-10.881512561402815,-2.1959549918849386
RHEA:39135,SAPIG0243,1,0,R07950,1.3.3.6,-73.17242185856503,-14.766636912094103
RHEA:24067,SAPIG1723,1,0,R00036,4.2.1.24,-86.39210940224004,-23.245932993327838
RHEA:13436,SAPIG1633,1,0,R02485,3.5.4.5,-37.596026468698,-10.11614044562353
RHEA:24391,SAPIG2178,1,0,R01876,2.4.2.2         2.4.2.3,1.172036250740348,0.23652399801591323
RHEA:10775,SAPIG0280,1,0,R00839,3.2.1.86,-37.54203249404108,-10.101612031794968
RHEA:11587,SAPIG2238,1,0,R00672,5.1.1.9         5.1.1.10        5.1.1.12,-9.525207299235888,-3.8444887876505556
RHEA:23099,SAPIG2136,1,0,R03471,2.7.1.49,-11.463270808059974,-2.3133573216261563
RHEA:29370,SAPIG0025,1,0,R00511,3.1.3.5         3.1.3.91        3.1.3.-,-31.051660623815707,-8.355217012146023
RHEA:29370,SAPIG0159,1,0,R00511,3.1.3.5         3.1.3.91        3.1.3.-,-31.051660623815707,-8.355217012146023
RHEA:29370,SAPIG1104,1,0,R00511,3.1.3.5         3.1.3.91        3.1.3.-,-31.051660623815707,-8.355217012146023
RHEA:32462,SAPIG2451,1,0,R03194,2.1.1.107,-268.89734368350923,-36.17673926820814
RHEA:21564,SAPIG0241,1,0,R07891,2.3.1.16,,
RHEA:32966,SAPIG2071,1,0,R00269,3.5.1.3         3.5.1.111,-20.396246316274443,-5.488114348221155
RHEA:10119,SAPIG1576,1,0,R01528,1.1.1.44        1.1.1.351,-6.800527783198191,-1.0979100817977516
RHEA:17012,SAPIG1844,1,0,R04030,6.2.1.26,-18.15432447918579,-2.4424349243366303
RHEA:41887,SAPIG0980,1,0,R04726,2.3.1.41        2.3.1.85        2.3.1.86        2.3.1.179,,
RHEA:15504,SAPIG0537,1,1,R00114,1.4.1.13,47.76336086848937,6.425956571539923
RHEA:15504,SAPIG0538,1,1,R00114,1.4.1.13,47.76336086848937,6.425956571539923
RHEA:12359,SAPIG2692,1,0,R00772,5.3.1.8,-0.5004434789944412,-0.20198503648327998
RHEA:23935,SAPIG0331,1,0,R02770,5.1.3.9,0.0,0.0
RHEA:14720,SAPIG1790,1,0,R01826,2.5.1.54,-74.3520095984635,-15.004684846255783
RHEA:28345,SAPIG1147,1,0,R03531,3.6.1.66,-70.43017427809568,-18.950979705266498
RHEA:20224,SAPIG1784,1,0,R00943,6.3.4.3,,
RHEA:29402,SAPIG1147,1,0,R00720,3.6.1.66,-36.86732643710408,-9.920065685742408
RHEA:15184,SAPIG2145,1,0,R00086,3.6.1.5         3.6.1.8         3.6.1.15        3.6.1.-,-72.95309234584084,-14.722374891017846
RHEA:15184,SAPIG2147,1,0,R00086,3.6.1.5         3.6.1.8         3.6.1.15        3.6.1.-,-72.95309234584084,-14.722374891017846
RHEA:17288,SAPIG1013,1,0,R02689,2.4.1.315       2.4.1.336,,
RHEA:10736,SAPIG0162,1,0,R05233,1.1.1.1,,
RHEA:10736,SAPIG0686,1,0,R05233,1.1.1.1,,
RHEA:17808,SAPIG1664,1,0,R00194,3.2.2.9,-33.48307229499039,-9.009448436501735
RHEA:25306,SAPIG2676,1,0,R04620,3.1.3.1,25.93982477176766,6.97975119111447
RHEA:31218,SAPIG0181,1,0,R04903,1.2.1.3,-44.09159181928982,-8.897949674676516
RHEA:31218,SAPIG2164,1,0,R04903,1.2.1.3,-44.09159181928982,-8.897949674676516
RHEA:11064,SAPIG2568,1,0,R04780,3.1.3.11,-25.70648172667898,-6.9169644756595305
RHEA:41903,SAPIG0980,1,0,R04968,2.3.1.41        2.3.1.85        2.3.1.86        2.3.1.179,,
RHEA:16600,SAPIG2169,1,0,R00571,6.3.4.2,-6.619014896567933,-0.8905048032284034
RHEA:19364,SAPIG1587,1,0,R02003,2.5.1.10,-81.24714648855024,-16.396165137996032
RHEA:16232,SAPIG1263,1,0,R01799,2.7.7.41,,
RHEA:18340,SAPIG0325,1,0,R01055,4.2.1.70,-16.495118925242394,-4.438419572183943
RHEA:10743,SAPIG0162,1,0,R00624,1.1.1.1,,
RHEA:10743,SAPIG0686,1,0,R00624,1.1.1.1,,
RHEA:33271,SAPIG0333,1,0,R02250,3.1.1.3,,
RHEA:33271,SAPIG2721,1,0,R02250,3.1.1.3,,
RHEA:41895,SAPIG2141,1,0,R04568,2.3.1.85        2.3.1.86        2.3.1.-         4.2.1.59,,
RHEA:10607,SAPIG2059,1,0,R01312,3.1.4.3,,
RHEA:13097,SAPIG2141,1,0,R10117,4.2.1.59,,
RHEA:33051,SAPIG0162,1,0,R08558,1.1.1.1,14.61506419126863,2.9494082726489714
RHEA:33051,SAPIG0686,1,0,R08558,1.1.1.1,14.61506419126863,2.9494082726489714
RHEA:16296,SAPIG2098,1,1,R03968,4.2.1.33,-0.3915610012760453,-0.1580387525222407
RHEA:16296,SAPIG2099,1,1,R03968,4.2.1.33,-0.3915610012760453,-0.1580387525222407
RHEA:13036,SAPIG2254,1,1,R03240,5.3.1.26,-2.0015191764128986,-0.8078373299659569
RHEA:13036,SAPIG2255,1,1,R03240,5.3.1.26,-2.0015191764128986,-0.8078373299659569
RHEA:23543,SAPIG0603,1,0,R05578,6.1.1.17        6.1.1.24,,
RHEA:27689,SAPIG1467,1,0,R00330,2.7.4.6,-2.6677301092811376,-0.5383640571492794
RHEA:29322,SAPIG0040,1,0,R01470,3.1.4.2         3.1.4.46,,
RHEA:29322,SAPIG0942,1,0,R01470,3.1.4.2         3.1.4.46,,
RHEA:29322,SAPIG1773,1,0,R01470,3.1.4.2         3.1.4.46,,
RHEA:31090,SAPIG0241,1,0,R03778,2.3.1.16,30.173820388936292,6.089259294921228
RHEA:31090,SAPIG1581,1,0,R03778,2.3.1.16,30.173820388936292,6.089259294921228
RHEA:24287,SAPIG1395,1,0,R02291,1.2.1.11,-7.091378030767913,-1.144866351852132
RHEA:51627,SAPIG2664,1,0,R11633,1.1.98.6,-56.67362127781638,-11.437079252626736
RHEA:25290,SAPIG0162,1,0,R06917,1.1.1.1,18.062499174643563,3.6451214851478957
RHEA:25290,SAPIG0686,1,0,R06917,1.1.1.1,18.062499174643563,3.6451214851478957
RHEA:14268,SAPIG1722,1,0,R02272,5.4.3.8,-9.314422115754155,-3.75941334004708
RHEA:14268,SAPIG1957,1,0,R02272,5.4.3.8,-9.314422115754155,-3.75941334004708
RHEA:28109,SAPIG0262,1,0,R05571,1.1.1.251,15.619055801846343,3.152019846786097
RHEA:25237,SAPIG1467,1,0,R00139,2.7.4.6,0.2554983978087648,0.05156112065494232
RHEA:25163,SAPIG0200,1,0,R00667,2.6.1.13,-4.264141213289747,-0.8605294650524904
RHEA:25163,SAPIG0940,1,0,R00667,2.6.1.13,-4.264141213289747,-0.8605294650524904
RHEA:11615,SAPIG0537,1,1,R00248,1.4.1.3         1.4.1.4         1.4.1.13,16.302987053760347,2.6320330451357945
RHEA:11615,SAPIG0538,1,1,R00248,1.4.1.3         1.4.1.4         1.4.1.13,16.302987053760347,2.6320330451357945
RHEA:22063,SAPIG2478,1,0,R01078,2.8.1.6,,
RHEA:22567,SAPIG1006,1,0,R01404,1.3.1.10        1.3.1.39        1.3.1.104       1.3.1.-,,
RHEA:24219,SAPIG0181,1,0,R08146,1.2.1.3,-44.05791953797365,-8.891154404825276
RHEA:24219,SAPIG2164,1,0,R08146,1.2.1.3,-44.05791953797365,-8.891154404825276
RHEA:22495,SAPIG2385,1,0,R02285,3.5.3.8,-48.12624940712459,-12.94955727645648
RHEA:13493,SAPIG2095,1,0,R05068,1.1.1.86,15.621471843890959,3.152507418670845
RHEA:15424,SAPIG0244,1,0,R00390,6.2.1.3,,
RHEA:41795,SAPIG1229,1,0,R01626,2.3.1.39        2.3.1.85        2.3.1.86        2.3.1.-,,
RHEA:12423,SAPIG2253,1,0,R03236,2.7.1.11        2.7.1.56        2.7.1.144,-21.05010908198551,-4.248039218579861
RHEA:20847,SAPIG1111,1,0,R00344,6.4.1.1,-7.194902345611922,-0.9679831814321654
RHEA:22863,SAPIG1659,1,0,R03005,2.7.7.1         2.7.7.18,-24.977925763892124,-5.040696360789677
RHEA:30050,SAPIG0181,1,0,R05286,1.2.1.3,-44.05857377969551,-8.89128643475833
RHEA:30050,SAPIG2164,1,0,R05286,1.2.1.3,-44.05857377969551,-8.89128643475833
RHEA:24292,SAPIG2723,1,0,R00259,"2.3.1.1,2.3.1.35",-25.72436301804339,-5.191331909398651
RHEA:21083,SAPIG1725,1,0,R00177,2.5.1.6,-107.79681647406346,-17.403239184608896
RHEA:21083,SAPIG1838,1,0,R00177,2.5.1.6,-107.79681647406346,-17.403239184608896
RHEA:22836,SAPIG0980,1,0,R04355,2.3.1.41        2.3.1.85        2.3.1.86        2.3.1.179,,
RHEA:13068,SAPIG2145,1,0,R00086,3.6.1.5         3.6.1.8         3.6.1.15        3.6.1.-,-46.75659080866504,-12.581016767099491
RHEA:13068,SAPIG2147,1,0,R00086,3.6.1.5         3.6.1.8         3.6.1.15        3.6.1.-,-46.75659080866504,-12.581016767099491
RHEA:45844,SAPIG1230,1,0,R04536,1.1.1.100       1.1.1.-         2.3.1.85        2.3.1.86,15.6217837975164,3.1525703727975953
RHEA:18304,SAPIG0468,1,0,R01230,6.3.5.2,-318.1555587418096,-42.80380957902111
RHEA:30095,SAPIG2418,1,0,R01257,1.1.5.4,,
RHEA:30095,SAPIG2655,1,0,R01257,1.1.5.4,,
RHEA:30750,SAPIG0243,1,0,R01279,1.3.3.6         1.3.8.7         1.3.8.8         1.3.8.9,43.4465396619853,8.76777425128148
RHEA:18232,SAPIG0913,1,0,R00717,1.1.1.26        1.1.1.29,41.118441119264844,8.297949896658123
RHEA:18232,SAPIG1955,1,0,R00717,1.1.1.26        1.1.1.29,41.118441119264844,8.297949896658123
RHEA:28209,SAPIG2161,1,0,R02099,2.7.1.21        2.7.1.145,-16.515970846487562,-3.3330227228534173
RHEA:31138,SAPIG1698,1,0,R04378,2.4.2.7,41.15301043842059,8.30492619416619
RHEA:45840,SAPIG1230,1,0,R04534,1.1.1.100       1.1.1.-         2.3.1.85        2.3.1.86,15.6217837975164,3.1525703727975953
RHEA:43484,SAPIG0113,1,0,R03332,3.1.4.3         3.1.4.11        4.6.1.13,,
RHEA:43484,SAPIG2059,1,0,R03332,3.1.4.3         3.1.4.11        4.6.1.13,,
RHEA:18020,SAPIG0205,1,0,R01974,4.1.1.43        4.1.1.74,-8.58266426431598,-2.3093780181196215
RHEA:23151,SAPIG1764,1,0,R01353,2.7.2.1         2.7.2.15,33.02907306141964,6.665466538523794
RHEA:59143,SAPIG2239,1,0,R12354,6.3.2.57,,
RHEA:37042,SAPIG0179,1,0,R10468,1.14.99.48,,
RHEA:37042,SAPIG1132,1,0,R10468,1.14.99.48,,
RHEA:26413,SAPIG0209,1,0,R08555,4.2.1.126,-20.22599616667813,-5.442304336207289
RHEA:43636,SAPIG2257,1,0,R10633,2.3.1.286,,
RHEA:40530,SAPIG1083,1,0,R11325,7.1.1.7,,
RHEA:40530,SAPIG1084,1,0,R11325,7.1.1.7,,
RHEA:14804,SAPIG0852,1,0,R01512,2.7.2.3,19.549800047385702,3.9452677890282706
RHEA:12697,SAPIG1207,1,0,R12852,2.7.4.8,5.122336021816295,1.0337183634854359
RHEA:13240,SAPIG2209,1,0,R00768,2.6.1.16,-20.001871777523718,-4.036498596040146
RHEA:20783,SAPIG1207,1,0,R00332,2.7.4.8,0.04150605634936255,0.008376172992451154
RHEA:28029,SAPIG0808,1,1,R02018,1.17.4.1,,
RHEA:28029,SAPIG0809,1,1,R02018,1.17.4.1,,
RHEA:24816,SAPIG0629,1,0,R01214,2.6.1.6         2.6.1.42,1.7246845599528342,0.3480517664694082
RHEA:31158,SAPIG2605,1,0,R04444,1.2.1.88,1.6003696457203205,0.32296426554210667
RHEA:19189,SAPIG1090,1,1,R03270,1.2.4.1,,
RHEA:19189,SAPIG1091,1,1,R03270,1.2.4.1,,
RHEA:25098,SAPIG1467,1,0,R11894,2.7.4.6,-0.4206924835901873,-0.0848982854336978
RHEA:14008,SAPIG0526,1,0,R01001,4.4.1.1,-31.411719142627305,-6.339074744039772
RHEA:21647,SAPIG1302,1,0,R00847,2.7.1.30,-16.653989821213486,-3.3608757860019436
RHEA:21039,SAPIG0434,1,0,R00238,2.3.1.9         2.3.1.16,24.96679514822631,5.038450135285991
RHEA:49255,SAPIG0777,1,0,R03232,2.7.1.202,,
RHEA:20016,SAPIG1197,1,0,R01397,2.1.3.2,-22.468439909641027,-4.534266950575688
RHEA:13804,SAPIG2668,1,0,R00858,1.8.1.2,109.70007763025069,11.06906929174461
RHEA:22475,SAPIG2172,1,0,R02971,2.7.1.33        2.7.1.34,-22.030374542091977,-4.4458627121747325
RHEA:30742,SAPIG1104,1,0,R01187,3.1.3.25,-39.99854312159754,-10.762596950911837
RHEA:14108,SAPIG1569,1,0,R01248,1.5.1.2,15.206639873760878,3.068791820268487
RHEA:10415,SAPIG1565,1,0,R01054,3.6.1.13        3.6.1.21        3.6.1.53        3.6.1.-,-45.32533216308812,-12.195901242065913
RHEA:15012,SAPIG1427,1,0,R00939,1.5.1.3,18.82333255550884,3.7986622591235695
RHEA:14976,SAPIG0193,1,0,R00491,5.1.1.13,5.194626742897867,2.0966141357052277
RHEA:12347,SAPIG1727,1,0,R04109,1.2.1.70,,
RHEA:10275,SAPIG1991,1,0,R02240,2.7.1.107,,
RHEA:48612,SAPIG1768,1,0,R07461,2.8.1.4         2.8.1.11,,
RHEA:34246,SAPIG2320,1,0,R11581,2.7.7.77,-1.8309811658941726,-0.3695030638988913
RHEA:23011,SAPIG0541,1,0,R00837,3.2.1.93        3.2.1.122,-26.64139173013527,-7.16852512680591
RHEA:25903,SAPIG0646,1,0,R05339,5.3.1.27,-10.49151058647567,-4.234500473124449
RHEA:26333,SAPIG2322,1,0,R09395,2.8.1.12,,
RHEA:10191,SAPIG2596,1,0,R01978,2.3.3.10,-19.81243095571358,-3.9982682934077403
RHEA:41839,SAPIG0980,1,0,R04957,2.3.1.41        2.3.1.85        2.3.1.86        2.3.1.179,,
RHEA:27861,SAPIG0159,1,0,R05135,3.1.4.16,-33.043374569637194,-13.336705338612257
RHEA:27861,SAPIG1290,1,0,R05135,3.1.4.16,-33.043374569637194,-13.336705338612257
RHEA:21259,SAPIG1464,1,0,R03460,2.5.1.19,-16.478218771960677,-3.325404126078059
RHEA:10380,SAPIG1202,1,0,R08231,2.4.2.10,-3.723203435422022,-0.7513649525911235
RHEA:16864,SAPIG2479,1,0,R03231,2.6.1.62,,
RHEA:19484,SAPIG0241,1,0,R00829,2.3.1.16        2.3.1.174,28.62365265933545,5.776426079422272
RHEA:25260,SAPIG0331,1,0,R02087,5.1.3.9,2.1465037480367073,0.866354855357217
RHEA:10167,SAPIG0855,1,0,R00658,4.2.1.11,-3.8108419943564513,-1.5381018867680225
RHEA:18248,SAPIG1742,1,0,R00130,2.7.1.24,2.6944524229946865,0.5437567815396483
RHEA:21583,SAPIG2267,1,0,R02948,4.1.1.5,-31.55928363248242,-8.491805533099903
RHEA:21583,SAPIG2649,1,0,R02948,4.1.1.5,-31.55928363248242,-8.491805533099903
RHEA:52331,SAPIG2009,1,0,R11712,1.14.14.47,-70.90244640664218,-11.44683371874529
RHEA:11847,SAPIG0235,1,0,R00212,2.3.1.54,19.814039438597177,3.998592894973714
RHEA:46279,SAPIG0847,1,0,R11074,4.1.1.101,-28.71877069071195,-7.7274952972699085
RHEA:46279,SAPIG1755,1,0,R11074,4.1.1.101,-28.71877069071195,-7.7274952972699085
RHEA:27721,SAPIG0025,1,0,R01126,3.1.3.5         3.1.3.99        3.1.3.-,-22.526476902683264,-6.0613055553189765
RHEA:27721,SAPIG0159,1,0,R01126,3.1.3.5         3.1.3.99        3.1.3.-,-22.526476902683264,-6.0613055553189765
RHEA:27721,SAPIG1104,1,0,R01126,3.1.3.5         3.1.3.99        3.1.3.-,-22.526476902683264,-6.0613055553189765
RHEA:36143,SAPIG1006,1,0,R04970,1.3.1.10        1.3.1.39        1.3.1.104       1.3.1.-,-58.95331384453675,-11.897134988775903
RHEA:21019,SAPIG2071,1,0,R00485,3.5.1.1         3.5.1.38        3.5.5.4,-34.60104521988424,-9.310266692708861
RHEA:36166,SAPIG2008,1,0,R01724,6.3.4.21,-54.160156810356085,-6.245626819556781
RHEA:25596,SAPIG1041,1,0,R08165,2.2.1.9,-2.8437839011183996,-0.5738927762353204
RHEA:21667,SAPIG2676,1,0,R03024,3.1.3.1         3.1.3.2         3.1.3.41,-22.254955954938815,-5.988246131243973
RHEA:13968,SAPIG0438,1,0,R01286,4.4.1.13,-33.69618450016915,-6.800093658218694
RHEA:29358,SAPIG0025,1,0,R02102,3.1.3.5         3.1.3.89        3.1.3.-,-30.240619962177213,-8.136986469961531
RHEA:29358,SAPIG0159,1,0,R02102,3.1.3.5         3.1.3.89        3.1.3.-,-30.240619962177213,-8.136986469961531
RHEA:29358,SAPIG1104,1,0,R02102,3.1.3.5         3.1.3.89        3.1.3.-,-30.240619962177213,-8.136986469961531
RHEA:16072,SAPIG1633,1,0,R01878,3.5.4.5,-31.36047286216248,-8.438310579947512
RHEA:12976,SAPIG2282,1,0,R00127,2.7.4.3,0.334459160192182,0.06749587966390053
RHEA:10231,SAPIG1352,1,0,R01325,4.2.1.3,8.469446418863953,3.4183709364038344
RHEA:23291,SAPIG0162,1,0,R00228,1.2.1.10,-3.562931650709828,-0.575216910330888
RHEA:43347,SAPIG2327,1,0,R07459,2.7.7.73        2.7.7.80,,
RHEA:30190,SAPIG2639,1,0,R01868,1.3.5.2,,
RHEA:11415,SAPIG0582,1,0,R03503,2.7.6.3,-7.477066230090031,-1.5089171491526332
RHEA:41871,SAPIG0980,1,0,R04963,2.3.1.41        2.3.1.85        2.3.1.86        2.3.1.179,,
RHEA:15760,SAPIG1330,1,0,R01773,1.1.1.3,19.43711658786856,3.922527585951426
RHEA:31234,SAPIG0181,1,0,R05050,1.2.1.3,-43.85347424506244,-8.849896109252636
RHEA:31234,SAPIG2164,1,0,R05050,1.2.1.3,-43.85347424506244,-8.849896109252636
RHEA:59735,SAPIG1456,1,0,R05145,6.3.4.9         6.3.4.10        6.3.4.11        6.3.4.15,,
RHEA:28357,SAPIG0243,1,0,R04754,1.3.3.6         1.3.8.7         1.3.8.8         1.3.99.-,40.697523481966755,8.213006173845566
RHEA:18152,SAPIG0778,1,0,R05168,3.5.1.25,-24.875409671628717,-6.693343991821398
RHEA:42319,SAPIG1291,1,1,R10516,1.2.7.11,,
RHEA:42319,SAPIG1292,1,1,R10516,1.2.7.11,,
RHEA:51931,SAPIG0128,1,0,R11655,1.5.1.51,15.719309454876822,2.537801311840477
RHEA:12916,SAPIG0408,1,0,R07770,6.3.1.20,1166.2237330255825,235.35099681602185
RHEA:12916,SAPIG1025,1,0,R07770,6.3.1.20,1166.2237330255825,235.35099681602185
RHEA:31246,SAPIG2605,1,0,R05051,1.2.1.88,-43.98736173150314,-8.876915413098615
RHEA:19632,SAPIG1748,1,0,R00267,1.1.1.42,-12.510625433933825,-2.0197758514342383
RHEA:22831,SAPIG2723,1,0,R04035,3.6.1.31,-107.33110496917803,-28.880087446373384
RHEA:14836,SAPIG2595,1,0,R02081,1.1.1.88,14.067703792882554,1.6222557923171983
RHEA:49579,SAPIG2319,1,0,R09394,4.1.99.22,,
RHEA:24812,SAPIG2092,1,0,R04441,4.2.1.9,-36.93065911603594,-14.905660363269423
RHEA:19896,SAPIG2136,1,0,R04509,2.7.4.7,5.654827001018475,1.1411782609320809
RHEA:14832,SAPIG0579,1,0,R00897,2.5.1.47        2.5.1.65,-51.28258179572629,-10.349134907082705
RHEA:42643,SAPIG1469,1,0,R09736,2.1.1.163,,
RHEA:21287,SAPIG0162,1,0,R02124,1.1.1.1         1.1.1.105,7.866574488017022,1.5875222694011837
RHEA:21287,SAPIG0686,1,0,R02124,1.1.1.1         1.1.1.105,7.866574488017022,1.5875222694011837
RHEA:27677,SAPIG1467,1,0,R01137,2.7.4.6,2.3866067209509083,0.4816316585552562
RHEA:33211,SAPIG1039,1,0,R10757,2.5.1.74,-109.46181579316854,-17.672044723959576
RHEA:18636,SAPIG1199,1,1,R00575,6.3.5.5,-32.15197541176795,-2.883761303343068
RHEA:18636,SAPIG1200,1,1,R00575,6.3.5.5,-32.15197541176795,-2.883761303343068
RHEA:31103,SAPIG1427,1,0,R02235,1.5.1.3,10.1771003202075,2.0538003448476805
RHEA:19820,SAPIG0437,1,0,R01224,1.5.1.20        1.5.1.53,40.47395264045963,8.167888226990557
RHEA:30946,SAPIG0243,1,0,R03777,1.3.3.6         1.3.8.7         1.3.8.8         1.3.99.-,40.69752348196653,8.21300617384552
RHEA:19952,SAPIG0580,1,0,R03067,2.5.1.15,-62.415100812291314,-12.595744518451697
RHEA:27881,SAPIG0159,1,0,R03538,3.1.4.16,-34.065749301958306,-13.749348137000599
RHEA:27881,SAPIG1290,1,0,R03538,3.1.4.16,-34.065749301958306,-13.749348137000599
RHEA:10339,SAPIG1352,1,0,R01324,4.2.1.3,7.6482759205811135,3.0869365986282093
RHEA:10255,SAPIG0579,1,0,R07274,2.5.1.47        2.5.1.65,-33.0881205404458,-6.677382676615262
RHEA:11579,SAPIG1222,1,0,R00619,2.7.6.2,-5.702282208964789,-1.1507550086675271
RHEA:17473,SAPIG0641,1,0,R05048,3.5.4.16,-97.2342091663361,-26.163267994950303
RHEA:17665,SAPIG1598,1,0,R12427,2.3.1.181,0.0,0.0
RHEA:32718,SAPIG2097,1,0,R00994,1.1.1.85,-19.848066721818128,-3.204367845083693
RHEA:25252,SAPIG2093,1,1,R00226,2.2.1.6,-27.018213699826333,-5.452438795723718
RHEA:25252,SAPIG2268,1,1,R00226,2.2.1.6,-27.018213699826333,-5.452438795723718
RHEA:26429,SAPIG2169,1,0,R00573,6.3.4.2,-38.07938871129605,-4.391229003275751
RHEA:20520,SAPIG0167,1,0,R00418,5.1.3.2         5.1.3.7,1.5328480075672815,0.6186759818589613
RHEA:27982,SAPIG0789,1,0,R09978,6.3.4.20,-103.5906745016996,-13.936816075344638
RHEA:39159,SAPIG2141,1,0,R04544,2.3.1.85        2.3.1.86        2.3.1.-         4.2.1.59,-0.4319535148258069,-0.17434165917494304
RHEA:12613,SAPIG0840,1,0,R00900,1.8.1.9         1.8.1.10,22.428768229364778,3.017507310506619
RHEA:18324,SAPIG0629,1,0,R01090,2.6.1.6         2.6.1.42        2.6.1.67,0.32317899510735515,0.06521947418373092
RHEA:30802,SAPIG0242,1,0,R01975,1.1.1.35,13.838066842477701,2.7926055122670235
RHEA:16948,SAPIG1602,1,0,R04125,2.1.2.10,,
RHEA:18384,SAPIG0728,1,0,R01012,2.7.1.121,-39.93810107903343,-8.059750143743102
RHEA:18384,SAPIG0729,1,0,R01012,2.7.1.121,-39.93810107903343,-8.059750143743102
RHEA:10935,SAPIG0944,1,0,R01954,6.3.4.5,16.87712582389861,2.270603986503294
RHEA:10915,SAPIG2646,1,0,R02473,6.3.2.1,-44.01701329218736,-5.921932851486071
RHEA:13620,SAPIG1664,1,0,R01401,3.2.2.9         3.2.2.16,-31.260322438570853,-8.411362632360946
RHEA:30658,SAPIG0548,1,0,R02098,2.7.4.4         2.7.4.9,0.883291213429743,0.17825350460001602
RHEA:17988,SAPIG0181,1,0,R03283,1.2.1.3         1.2.1.47,-42.437407800980964,-8.564125343545722
RHEA:17988,SAPIG2164,1,0,R03283,1.2.1.3         1.2.1.47,-42.437407800980964,-8.564125343545722
RHEA:27685,SAPIG1467,1,0,R02093,2.7.4.6,0.10916571417862997,0.022030300809793162
RHEA:30262,SAPIG1055,1,0,R09492,7.1.1.5,,
RHEA:30262,SAPIG1056,1,0,R09492,7.1.1.5,,
RHEA:30262,SAPIG1057,1,0,R09492,7.1.1.5,,
RHEA:30275,SAPIG1336,1,0,R02670,1.11.1.6        1.11.1.21,,
RHEA:45828,SAPIG1230,1,0,R04953,1.1.1.100       1.1.1.-         2.3.1.85        2.3.1.86,15.613807630929387,3.1509607341803516
RHEA:24383,SAPIG1215,1,0,R03940,2.1.2.9,,
RHEA:34854,SAPIG0242,1,0,R06941,1.1.1.35        1.1.1.157,15.619464251607724,3.152102274416206
RHEA:15096,SAPIG0801,1,0,R00734,2.6.1.1         2.6.1.5         2.6.1.9         2.6.1.57,0.37600128851897807,0.07587933219938077
RHEA:15096,SAPIG2728,1,0,R00734,2.6.1.1         2.6.1.5         2.6.1.9         2.6.1.57,0.37600128851897807,0.07587933219938077
RHEA:27693,SAPIG1467,1,0,R01857,2.7.4.6,1.7688697442641796,0.3569686036745611
RHEA:41863,SAPIG2141,1,0,R04535,2.3.1.85        2.3.1.86        2.3.1.-         4.2.1.59,,
RHEA:59139,SAPIG2241,1,0,R12353,6.3.2.58,,
RHEA:22675,SAPIG2613,1,0,R00702,2.5.1.21        2.5.1.96        2.5.1.103,-159.0599492683557,-32.09925896182409
RHEA:41855,SAPIG0980,1,0,R04960,2.3.1.41        2.3.1.85        2.3.1.86        2.3.1.179,,
RHEA:42291,SAPIG2477,1,0,R03210,2.3.1.47,,
RHEA:41847,SAPIG2141,1,0,R04537,2.3.1.85        2.3.1.86        2.3.1.-         4.2.1.59,,
RHEA:24796,SAPIG2724,1,1,R04558,4.3.2.10,216.437287990567,34.94268211783609
RHEA:24796,SAPIG2726,1,1,R04558,4.3.2.10,216.437287990567,34.94268211783609
RHEA:22091,SAPIG1001,1,0,R00429,2.7.6.5,,
RHEA:22091,SAPIG1697,1,0,R00429,2.7.6.5,,
RHEA:22091,SAPIG2559,1,0,R00429,2.7.6.5,,
RHEA:34174,SAPIG1396,1,0,R10147,4.3.3.7,-84.63305655954193,-22.772616335174526
RHEA:16040,SAPIG2178,1,0,R01570,2.4.2.2         2.4.2.4,7.440972088386104,1.5016331332398378
RHEA:21363,SAPIG1659,1,0,R00137,2.7.7.1         2.7.7.18,-3.1255348103970846,-0.6307518123488518
RHEA:30758,SAPIG1164,1,0,R01395,2.7.2.2         6.3.5.5,16.82874852082125,3.3961431476498283
RHEA:30758,SAPIG2682,1,0,R01395,2.7.2.2         6.3.5.5,16.82874852082125,3.3961431476498283
RHEA:30758,SAPIG1199,1,1,R01395,2.7.2.2         6.3.5.5,16.82874852082125,3.3961431476498283
RHEA:30758,SAPIG1200,1,1,R01395,2.7.2.2         6.3.5.5,16.82874852082125,3.3961431476498283
RHEA:28675,SAPIG2391,1,0,R10619,5.1.3.3,-5.399309190526424,-2.1792264453606807
RHEA:15616,SAPIG2667,1,0,R03947,1.3.1.76,-45.84332061131386,-9.25145913060622
RHEA:25081,SAPIG2097,1,0,R01652,1.1.1.85,-31.07013248330881,-8.360187322640927
RHEA:48999,SAPIG2574,1,0,R04089,1.13.11.2       1.13.11.-,-245.04890956784462,-65.93646770887236
RHEA:17096,SAPIG0113,1,0,R03364,4.6.1.13,,
RHEA:20855,SAPIG2145,1,0,R00086,3.6.1.5         3.6.1.8         3.6.1.15        3.6.1.-,-46.75659080866504,-12.581016767099491
RHEA:20855,SAPIG2147,1,0,R00086,3.6.1.5         3.6.1.8         3.6.1.15        3.6.1.-,-46.75659080866504,-12.581016767099491
RHEA:23519,SAPIG2484,1,0,R01514,2.7.1.31,-15.35646689161706,-3.0990278178767188
RHEA:18440,SAPIG0561,1,0,R05634,2.7.1.148,-9.579787988854036,-1.9332591068213951
RHEA:26437,SAPIG1373,1,1,R00674,4.2.1.20        4.2.1.122,-33.55455851102428,-9.028683570350976
RHEA:26437,SAPIG1374,1,1,R00674,4.2.1.20        4.2.1.122,-33.55455851102428,-9.028683570350976
RHEA:49003,SAPIG2356,1,0,R11382,1.14.13.222,62.95799629093892,10.164243285408666
RHEA:47951,SAPIG2676,1,0,R02135,3.1.3.1         3.1.3.2         3.1.3.100,-90.82309377087265,-24.438198889373265
RHEA:24563,SAPIG0604,1,0,R00586,2.3.1.30,-6.396159021443339,-1.2907835425241334
RHEA:12071,SAPIG2112,1,0,R01625,2.7.8.7         2.7.8.-,,
RHEA:18408,SAPIG1438,1,0,R00396,1.4.1.1,16.458126883900007,2.6570795693216893
RHEA:18408,SAPIG1762,1,0,R00396,1.4.1.1,16.458126883900007,2.6570795693216893
RHEA:22631,SAPIG1064,1,0,R04591,6.3.2.6,-77.4450899856331,-10.419258106583474
RHEA:30722,SAPIG0241,1,0,R00927,2.3.1.9         2.3.1.16,31.287948434194504,6.314097067131489
RHEA:30722,SAPIG0434,1,0,R00927,2.3.1.9         2.3.1.16,31.287948434194504,6.314097067131489
RHEA:14360,SAPIG1274,1,0,R00549,2.7.1.26,-14.284346533652752,-2.8826674508148735
RHEA:18988,SAPIG1040,1,0,R01717,5.4.4.2,0.9684274705763869,0.3908690315414317
RHEA:15892,SAPIG0468,1,0,R00256,1.4.1.13        1.4.1.14        1.4.7.1         2.6.1.85,-31.460373814728683,-8.465191401186765
RHEA:15892,SAPIG0791,1,0,R00256,1.4.1.13        1.4.1.14        1.4.7.1         2.6.1.85,-31.460373814728683,-8.465191401186765
RHEA:15892,SAPIG1066,1,0,R00256,1.4.1.13        1.4.1.14        1.4.7.1         2.6.1.85,-31.460373814728683,-8.465191401186765
RHEA:15892,SAPIG2169,1,0,R00256,1.4.1.13        1.4.1.14        1.4.7.1         2.6.1.85,-31.460373814728683,-8.465191401186765
RHEA:15892,SAPIG0537,1,1,R00256,1.4.1.13        1.4.1.14        1.4.7.1         2.6.1.85,-31.460373814728683,-8.465191401186765
RHEA:15892,SAPIG0538,1,1,R00256,1.4.1.13        1.4.1.14        1.4.7.1         2.6.1.85,-31.460373814728683,-8.465191401186765
RHEA:15892,SAPIG0594,1,2,R00256,1.4.1.13        1.4.1.14        1.4.7.1         2.6.1.85,-31.460373814728683,-8.465191401186765
RHEA:15892,SAPIG0595,1,2,R00256,1.4.1.13        1.4.1.14        1.4.7.1         2.6.1.85,-31.460373814728683,-8.465191401186765
RHEA:15892,SAPIG1199,1,3,R00256,1.4.1.13        1.4.1.14        1.4.7.1         2.6.1.85,-31.460373814728683,-8.465191401186765
RHEA:15892,SAPIG1200,1,3,R00256,1.4.1.13        1.4.1.14        1.4.7.1         2.6.1.85,-31.460373814728683,-8.465191401186765
RHEA:15892,SAPIG1984,1,4,R00256,1.4.1.13        1.4.1.14        1.4.7.1         2.6.1.85,-31.460373814728683,-8.465191401186765
RHEA:15892,SAPIG1985,1,4,R00256,1.4.1.13        1.4.1.14        1.4.7.1         2.6.1.85,-31.460373814728683,-8.465191401186765
RHEA:15892,SAPIG2724,1,5,R00256,1.4.1.13        1.4.1.14        1.4.7.1         2.6.1.85,-31.460373814728683,-8.465191401186765
RHEA:15892,SAPIG2726,1,5,R00256,1.4.1.13        1.4.1.14        1.4.7.1         2.6.1.85,-31.460373814728683,-8.465191401186765
RHEA:31242,SAPIG1899,1,0,R04972,4.1.1.37,-90.89041228992653,-12.228156300653945
RHEA:39131,SAPIG0241,1,0,R07937,2.3.1.16        2.3.1.176,-30.1738207224289,-6.089259362222051
RHEA:25600,SAPIG1042,1,0,R08166,4.2.99.20,-108.25439999880246,-29.128522801641672
RHEA:28513,SAPIG0280,1,0,R05133,3.2.1.86,9.598608042331563,2.582742809790355
RHEA:19129,SAPIG2161,1,0,R08233,2.7.1.21,-20.600512760895867,-4.157307964072848
RHEA:18868,SAPIG1581,1,0,R02662,2.3.1.168,,
RHEA:20775,SAPIG1821,1,0,R00066,2.5.1.9,-96.85222606988168,-19.545364499023904
RHEA:16172,SAPIG1311,1,0,R00253,6.3.1.2,-15.296216993936468,-2.057912682956379
RHEA:18684,SAPIG2142,1,0,R00660,2.5.1.7,-14.775426928271905,-2.98177044204845
RHEA:18684,SAPIG2166,1,0,R00660,2.5.1.7,-14.775426928271905,-2.98177044204845
RHEA:18460,SAPIG1820,1,0,R07281,4.1.99.12,-105.31793171086449,-28.338393407525174
RHEA:17664,SAPIG1245,1,1,R00405,6.2.1.5,-1.2140582230074415,-0.1633361906388287
RHEA:17664,SAPIG1246,1,1,R00405,6.2.1.5,-1.2140582230074415,-0.1633361906388287
RHEA:22071,SAPIG2095,1,0,R04439,1.1.1.86        1.1.1.383,15.621488413442364,3.1525107625064486
RHEA:17828,SAPIG1612,1,0,R00299,2.7.1.1         2.7.1.2,-20.401307562184343,-4.1171071511756
RHEA:10679,SAPIG2098,1,1,R04001,4.2.1.33,-3.695077414270429,-1.491377903114303
RHEA:10679,SAPIG2099,1,1,R04001,4.2.1.33,-3.695077414270429,-1.491377903114303
RHEA:45848,SAPIG1230,1,0,R04964,1.1.1.100       1.1.1.-         2.3.1.85        2.3.1.86,15.621783797516855,3.1525703727976873
RHEA:13988,SAPIG1332,1,0,R01771,2.7.1.39,-39.408859791519944,-7.952946053717127
RHEA:27889,SAPIG0159,1,0,R03537,3.1.4.16,-33.042701129984835,-13.336433530229371
RHEA:27889,SAPIG1290,1,0,R03537,3.1.4.16,-33.042701129984835,-13.336433530229371
RHEA:25097,SAPIG1476,1,0,R01665,2.7.4.14        2.7.4.25,1.5285486244640651,0.30847034943807417
RHEA:35326,SAPIG1397,1,0,R04198,1.17.1.8,47.5531850838438,9.596520113875883
RHEA:23923,SAPIG2002,1,0,R04559,4.3.2.2,6.763580433072974,1.8199085382920508
RHEA:28041,SAPIG0808,1,1,R02024,1.17.4.1,,
RHEA:28041,SAPIG0809,1,1,R02024,1.17.4.1,,
RHEA:11043,SAPIG2727,1,0,R03457,4.2.1.19,-41.32791617365092,-16.68044645698249
RHEA:18620,SAPIG1839,1,0,R00341,4.1.1.49,-6.4854972254510415,-1.0470500255710122
RHEA:28193,SAPIG0481,1,0,R02556,3.5.4.4,-36.19591009447143,-9.73940451865833
RHEA:28193,SAPIG1184,1,0,R02556,3.5.4.4,-36.19591009447143,-9.73940451865833
RHEA:49303,SAPIG2374,1,0,R04111,2.7.1.208,,
RHEA:20715,SAPIG2477,1,0,R03210,2.3.1.47,,
RHEA:42403,SAPIG2250,1,0,R04393,2.7.1.207,,
RHEA:27653,SAPIG1675,1,0,R00968,2.7.1.48,-18.737671784163524,-3.7813753978179374
RHEA:78970,SAPIG2059,1,0,R02027,3.1.4.3         3.1.4.-,,
RHEA:21235,SAPIG0008,1,0,R01168,4.3.1.3,-9.981514871475056,-2.6857733591604864
RHEA:27657,SAPIG2268,1,0,R08648,2.2.1.6,-18.29778538883579,-3.6926036650067706
RHEA:27657,SAPIG2093,1,1,R08648,2.2.1.6,-18.29778538883579,-3.6926036650067706
RHEA:27657,SAPIG2268,1,1,R08648,2.2.1.6,-18.29778538883579,-3.6926036650067706
RHEA:13900,SAPIG1790,1,0,R01715,5.4.99.5,-48.66944600768517,-19.643576627746423
RHEA:21871,SAPIG1822,1,0,R03459,3.5.4.26,261.0538391137608,70.24298970910556
RHEA:44964,SAPIG1006,1,0,R04725,1.3.1.10        1.3.1.39        1.3.1.104       1.3.1.-,-56.20429766451798,-11.342366911339944
RHEA:15056,SAPIG1070,1,0,R04325,2.1.2.2,,
RHEA:24299,SAPIG1198,1,0,R01993,3.5.2.3,-7.288873537091774,-2.9418774529138174
RHEA:24804,SAPIG0629,1,0,R02199,2.6.1.42,-5.927241421868416,-1.1961531372602807
RHEA:12644,SAPIG1776,1,0,R01513,1.1.1.95,30.842812574235055,6.22426596063512
RHEA:30070,SAPIG2659,1,0,R02566,1.2.1.8,-42.433693873323364,-8.56337585050115
RHEA:30070,SAPIG2660,1,0,R02566,1.2.1.8,-42.433693873323364,-8.56337585050115
RHEA:27509,SAPIG0858,1,0,R06728,3.1.1.1         3.1.1.84,-45.96958655325125,-12.369253814285905
RHEA:17020,SAPIG1092,1,0,R02569,2.3.1.12,,
RHEA:12596,SAPIG1285,1,0,R01801,2.7.8.5,,
RHEA:22171,SAPIG0167,1,0,R00291,5.1.3.2,2.918375668718454,1.1778916913903104
RHEA:59132,SAPIG0129,1,0,R12312,6.3.2.56,,
RHEA:13704,SAPIG0012,1,0,R01776,2.3.1.31,-28.499947545579573,-5.751461639916181
RHEA:30214,SAPIG0277,1,0,R00294,1.7.2.5,62.22830419635885,7.176027332882482
RHEA:13196,SAPIG1062,1,0,R07405,5.4.99.18,30.72840507305534,12.402355671064766
RHEA:24307,SAPIG1600,1,1,R03425,1.4.4.2,,
RHEA:24307,SAPIG1601,1,1,R03425,1.4.4.2,,
RHEA:17297,SAPIG1291,1,1,R01197,"1.2.7.3, 1.2.7.11",-45.63679303743902,-4.604890309075947
RHEA:17297,SAPIG1292,1,1,R01197,"1.2.7.3, 1.2.7.11",-45.63679303743902,-4.604890309075947
RHEA:15308,SAPIG2659,1,0,R02565,1.2.1.8,-42.435837968311944,-8.563808541826614
RHEA:15308,SAPIG2660,1,0,R02565,1.2.1.8,-42.435837968311944,-8.563808541826614
RHEA:43439,SAPIG1112,1,0,R04178,1.3.3.15,-0.001821400711548904,-0.00018378483515865934
RHEA:23703,SAPIG1061,1,0,R01655,3.5.4.9,,
RHEA:16848,SAPIG1749,1,0,R00351,2.3.3.1         2.3.3.3         2.3.3.16,-38.761241776173165,-7.822252824663679
RHEA:49583,SAPIG2325,1,0,R11372,4.6.1.17,-180.79145907892283,-48.64641195351623
RHEA:19320,SAPIG1063,1,0,R07404,6.3.4.18,,
RHEA:31146,SAPIG0242,1,0,R04748,1.1.1.35        1.1.1.211,16.721467710377965,3.374493231804303
RHEA:22939,SAPIG0778,1,0,R02059,3.5.1.25,-25.841015133428158,-6.953164014949565
RHEA:16372,SAPIG2576,1,0,R00704,1.1.1.28,20.630539814882695,4.163367605020914
RHEA:16372,SAPIG2610,1,0,R00704,1.1.1.28,20.630539814882695,4.163367605020914
RHEA:23707,SAPIG1820,1,0,R00425,3.5.4.25,-151.570262182495,-24.470235878167273
RHEA:11299,SAPIG0181,1,0,R00264,1.2.1.3         1.2.1.26,-43.07969758620948,-8.693743303562803
RHEA:11299,SAPIG2164,1,0,R00264,1.2.1.3         1.2.1.26,-43.07969758620948,-8.693743303562803
RHEA:30738,SAPIG1104,1,0,R01186,3.1.3.25,-39.99854312159754,-10.762596950911837
RHEA:29366,SAPIG0025,1,0,R01664,3.1.3.5         3.1.3.89        3.1.3.-,-33.50367807425616,-9.014992930870509
RHEA:29366,SAPIG0159,1,0,R01664,3.1.3.5         3.1.3.89        3.1.3.-,-33.50367807425616,-9.014992930870509
RHEA:29366,SAPIG1104,1,0,R01664,3.1.3.5         3.1.3.89        3.1.3.-,-33.50367807425616,-9.014992930870509
RHEA:31286,SAPIG1303,1,0,R00848,1.1.5.3,7.122087975656086,1.4372803922738329
RHEA:21748,SAPIG1836,1,0,R02260,1.1.1.283       1.2.1.49,8.188486643724445,1.6524860877384964
RHEA:24571,SAPIG2249,1,0,R03255,3.2.1.85,,
RHEA:47851,SAPIG2134,1,0,R10712,2.5.1.3,-51.37766318575885,-8.294658324934588
RHEA:52335,SAPIG2009,1,0,R11713,1.14.14.47,-45.11893901930006,-3.642109819159592
RHEA:17132,SAPIG1066,1,1,R04463,6.3.5.3,,
RHEA:17132,SAPIG1067,1,1,R04463,6.3.5.3,,
RHEA:11171,SAPIG0242,1,0,R05305,1.1.1.35        1.1.1.259,15.619464251610225,3.1521022744167104
RHEA:25184,SAPIG2423,1,0,R01154,2.3.1.57,-26.23392170788216,-5.294163932271907
RHEA:40526,SAPIG1144,1,1,R02164,1.3.5.1,,
RHEA:40526,SAPIG1145,1,1,R02164,1.3.5.1,,
RHEA:19108,SAPIG0181,1,0,R02549,1.2.1.3         1.2.1.19        1.2.1.-,-53.24287878405312,-10.744734685404183
RHEA:19108,SAPIG2164,1,0,R02549,1.2.1.3         1.2.1.19        1.2.1.-,-53.24287878405312,-10.744734685404183
RHEA:30686,SAPIG0169,1,0,R00414,3.2.1.183       5.1.3.14,-40.324316144049504,-10.85025423701528
RHEA:30686,SAPIG0178,1,0,R00414,3.2.1.183       5.1.3.14,-40.324316144049504,-10.85025423701528
RHEA:30686,SAPIG2153,1,0,R00414,3.2.1.183       5.1.3.14,-40.324316144049504,-10.85025423701528
RHEA:11095,SAPIG1472,1,0,R00842,1.1.1.8         1.1.1.94,22.626718063219414,4.566208438442884
RHEA:28585,SAPIG1467,1,0,R02331,2.7.4.6,-1.551806835237926,-0.3131639969216357
RHEA:27974,SAPIG0787,1,0,R10002,4.3.99.3,-72.10389012763352,-19.401334335538074
RHEA:28037,SAPIG0808,1,1,R02017,1.17.4.1,,
RHEA:28037,SAPIG0809,1,1,R02017,1.17.4.1,,
RHEA:12248,SAPIG0814,1,0,R03191,1.3.1.98,55.42204945372828,11.184504495275679
RHEA:19664,SAPIG2214,1,0,R00758,1.1.1.17,11.344524567013877,2.2893936125993726
RHEA:11355,SAPIG1764,1,0,R00315,2.7.2.1         2.7.2.15,13.990414860694386,2.8233502629824128
RHEA:59415,SAPIG2071,1,0,R00348,3.5.1.3,-25.312348730363325,-6.810913248455952
RHEA:31554,SAPIG2613,1,0,R09793,2.5.1.96,26.499045038415687,7.130223230018916
RHEA:24255,SAPIG1658,1,0,R00125,3.6.1.41,-60.9553827403071,-16.401552787262894
RHEA:14729,SAPIG2167,1,0,R01070,4.1.2.13,4.933086995375874,1.3273690217568774
RHEA:14729,SAPIG2654,1,0,R01070,4.1.2.13,4.933086995375874,1.3273690217568774
RHEA:15805,SAPIG2480,1,0,R12934,6.3.3.3,,
RHEA:23587,SAPIG1717,1,0,R02237,6.3.2.12        6.3.2.17,-20.32573609617623,-2.7345709151044666
RHEA:31134,SAPIG1070,1,0,R04326,2.1.2.2,,
RHEA:23176,SAPIG1785,1,0,R00236,6.2.1.1,-8.201438782231207,-1.1033999383726332
RHEA:23455,SAPIG0631,1,0,R02089,2.7.1.76        2.7.1.145,-13.491545285740358,-2.722675368087232
RHEA:30238,SAPIG2605,1,0,R00245,1.2.1.88,-50.88112272422086,-10.268118040435246
RHEA:15136,SAPIG0941,1,0,R00243,1.4.1.2         1.4.1.3         1.4.1.14,16.300842958771312,2.63168689207535
RHEA:59124,SAPIG0132,1,0,R12308,6.3.2.54,,
RHEA:19924,SAPIG0264,1,1,R01525,1.1.1.137       1.1.1.405,20.669804369898657,4.17129142949889
RHEA:19924,SAPIG0269,1,1,R01525,1.1.1.137       1.1.1.405,20.669804369898657,4.17129142949889
RHEA:31802,SAPIG2137,1,0,R09993,3.5.99.2        3.5.99.-,52.28091626778766,14.067473115308184
RHEA:40666,SAPIG2581,1,1,R00590,4.3.1.17,-6.115987581408831,-2.4684865056976233
RHEA:40666,SAPIG2582,1,1,R00590,4.3.1.17,-6.115987581408831,-2.4684865056976233
RHEA:17976,SAPIG0576,1,0,R01132,2.4.2.8,30.57142584089121,6.169498477855967
RHEA:35663,SAPIG0333,1,0,R02687,3.1.1.3,,
RHEA:35663,SAPIG2721,1,0,R02687,3.1.1.3,,
RHEA:31150,SAPIG0162,1,0,R04880,1.1.1.1,17.618647962000182,3.5555496282430354
RHEA:31150,SAPIG0686,1,0,R04880,1.1.1.1,17.618647962000182,3.5555496282430354
RHEA:33806,SAPIG2729,1,0,R01163,1.1.1.23,-36.38364716325964,-7.342439863970547
RHEA:31142,SAPIG2095,1,0,R04440,1.1.1.86,15.621665317365341,3.1525464627871362
RHEA:17756,SAPIG2176,1,0,R01291,4.4.1.21,-32.71733121102406,-8.803406865676772
RHEA:33370,SAPIG0207,1,0,R02738,2.7.1.199,,
RHEA:33370,SAPIG0254,1,0,R02738,2.7.1.199,,
RHEA:33370,SAPIG0279,1,0,R02738,2.7.1.199,,
RHEA:13188,SAPIG1725,1,0,R00084,2.5.1.61,-149.3424702592437,-13.394761322243394
RHEA:27885,SAPIG0159,1,0,R03929,3.1.4.16,-32.958188047100975,-13.302323028552117
RHEA:27885,SAPIG1290,1,0,R03929,3.1.4.16,-32.958188047100975,-13.302323028552117
RHEA:17436,SAPIG2659,1,0,R01025,1.1.99.1,,
RHEA:30350,SAPIG1467,1,0,R00722,2.7.4.6,1.3052233983859196,0.2634019692608874
RHEA:14084,SAPIG1373,1,1,R02340,4.1.2.8         4.2.1.20,2.0646981253956653,0.5555580782375568
RHEA:14084,SAPIG1374,1,1,R02340,4.1.2.8         4.2.1.20,2.0646981253956653,0.5555580782375568
RHEA:20373,SAPIG1785,1,0,R01354,6.2.1.1         6.2.1.17,-1.1456978929813886,-0.15413917217161782
RHEA:16344,SAPIG0666,1,0,R03245,2.7.4.2,0.6277817721918382,0.1266901553143378
RHEA:13520,SAPIG0548,1,0,R02094,2.7.4.9         2.7.4.12,-1.659525171797327,-0.33490220818136374
RHEA:30835,SAPIG0168,1,0,R12552,1.1.1.367,4.1821505243513,0.8439832485548773
RHEA:22195,SAPIG1071,1,0,R04560,2.1.2.3,,
RHEA:27641,SAPIG0150,1,0,R02297,2.4.2.1,10.692006928442908,2.157711609970855
RHEA:27641,SAPIG1184,1,0,R02297,2.4.2.1,10.692006928442908,2.157711609970855
RHEA:27641,SAPIG2180,1,0,R02297,2.4.2.1,10.692006928442908,2.157711609970855
RHEA:12768,SAPIG1291,1,1,R01196,1.2.7.1         1.2.7.11,-39.101038931691164,-3.9454129720209212
RHEA:12768,SAPIG1292,1,1,R01196,1.2.7.1         1.2.7.11,-39.101038931691164,-3.9454129720209212
RHEA:10303,SAPIG0851,1,0,R01061,1.2.1.12        1.2.1.59,18.27730129582065,2.9507758810007325
RHEA:10303,SAPIG1741,1,0,R01061,1.2.1.12        1.2.1.59,18.27730129582065,2.9507758810007325
RHEA:28033,SAPIG0808,1,1,R02019,1.17.4.1,,
RHEA:28033,SAPIG0809,1,1,R02019,1.17.4.1,,
RHEA:28377,SAPIG2123,1,0,R04617,6.3.2.10,-32.90704200949597,-4.427226623207866
RHEA:23536,SAPIG2547,1,0,R08639,5.4.2.2         5.4.2.5,-8.58530125418008,-3.4651313481592494
RHEA:30870,SAPIG0181,1,0,R02678,1.2.1.3,-44.05960183584608,-8.89149390270206
RHEA:30870,SAPIG2164,1,0,R02678,1.2.1.3,-44.05960183584608,-8.89149390270206
RHEA:27697,SAPIG2092,1,0,R05070,4.2.1.9,-36.928253986879895,-14.904689624073646
RHEA:30698,SAPIG0181,1,0,R00904,1.2.1.3         1.2.1.5         1.2.1.19,-46.562161711748104,-9.39652560863151
RHEA:30698,SAPIG2164,1,0,R00904,1.2.1.3         1.2.1.5         1.2.1.19,-46.562161711748104,-9.39652560863151
RHEA:49288,SAPIG0408,1,0,R12433,6.3.1.20,,
RHEA:49288,SAPIG1025,1,0,R12433,6.3.1.20,,
RHEA:13457,SAPIG1582,1,1,R07599,1.2.4.4,,
RHEA:13457,SAPIG1583,1,1,R07599,1.2.4.4,,
RHEA:56963,SAPIG1751,1,0,R02320,2.7.1.40,,
RHEA:17944,SAPIG1352,1,0,R04425,4.2.1.99,-2.854631431287544,-1.152163746750184
RHEA:41811,SAPIG2141,1,0,R04954,2.3.1.85        2.3.1.86        2.3.1.-         4.2.1.59,,
RHEA:25200,SAPIG0634,1,0,R07280,3.1.3.104,-32.17026292354421,-8.656204617213076
RHEA:25200,SAPIG0971,1,0,R07280,3.1.3.104,-32.17026292354421,-8.656204617213076
RHEA:17340,SAPIG2574,1,0,R00816,1.13.11.2,-245.35473117688443,-66.01875657391848
RHEA:27797,SAPIG1468,1,0,R09247,2.5.1.30,-324.9885859542014,-26.23386422079369
RHEA:16128,SAPIG2077,1,0,R00760,2.7.1.1         2.7.1.4,-14.57516439191238,-2.9413562520243435
RHEA:77642,SAPIG1757,1,0,R00508,3.1.3.7,-29.34180731794526,-7.895138705785628
RHEA:19500,SAPIG2645,1,0,R00489,4.1.1.11        4.1.1.15,-34.0065125871084,-9.15029298863473
RHEA:63916,SAPIG1675,1,0,R08232,2.7.1.48,,
RHEA:18256,SAPIG1755,1,0,R00216,1.1.1.40,-5.007742919847175,-0.8084742264174484
RHEA:14965,SAPIG1406,1,0,R01421,3.6.1.7,,
RHEA:23447,SAPIG0252,1,0,R00703,1.1.1.27,23.708883675875995,4.784595998605116
RHEA:23447,SAPIG2650,1,0,R00703,1.1.1.27,23.708883675875995,4.784595998605116
RHEA:41823,SAPIG0980,1,0,R04952,2.3.1.41        2.3.1.85        2.3.1.86        2.3.1.179,,
RHEA:27289,SAPIG0140,1,0,R09078,1.1.1.304,15.619294023529164,3.152067921361264
RHEA:14112,SAPIG1569,1,0,R01251,1.5.1.2,15.208783968749458,3.069224511593951
RHEA:27969,SAPIG0788,1,0,R09959,4.1.2.50,-88.83079740520918,-17.926591720989666
RHEA:34767,SAPIG1602,1,0,R02300,2.1.2.10,44.618658127474646,18.00862968146113
RHEA:24631,SAPIG2453,1,0,R00787,1.7.1.4         1.7.1.15,378.72272587621944,38.21426735186069
RHEA:19524,SAPIG0662,1,0,R00230,2.3.1.8,8.672467245030703,1.7501562977774705
RHEA:27661,SAPIG0153,1,0,R02749,5.4.2.7,-9.206415404478093,-3.715820526006682
RHEA:19204,SAPIG0632,1,0,R01967,2.7.1.113       2.7.1.145,-15.457229036018248,-3.1193622275226414
RHEA:21543,SAPIG1372,1,0,R03509,5.3.1.24,-9.793638701096938,-3.9528309457042616
RHEA:13412,SAPIG0805,1,0,R07605,1.7.1.13,-82.0665626601708,-11.041018848774666
RHEA:38959,SAPIG0243,1,0,R07934,1.3.3.6,,
RHEA:13680,SAPIG1221,1,0,R01529,5.1.3.1,-3.3881578544159083,-1.3675014593264598
RHEA:69180,SAPIG2282,1,0,R11319,2.7.4.3,7.320496749962558,1.4773204819133472
RHEA:13512,SAPIG0565,1,0,R00416,2.7.7.23,-10.76128425702018,-2.1716921935207307
RHEA:20408,SAPIG1399,1,0,R02733,3.5.1.47,-24.35405647867364,-6.553061025319633
RHEA:11708,SAPIG0467,1,0,R08240,1.1.1.205,16.478036941116898,3.32536743151498
RHEA:20204,SAPIG0193,1,0,R00686,5.1.1.11,-66.97644036723739,-10.813000323856304
RHEA:11599,SAPIG1201,1,0,R00965,4.1.1.23,-39.81300571313707,-10.712673523938355
RHEA:21211,SAPIG2108,1,0,R00582,3.1.3.3,-27.483918147604577,-7.395227690050559
RHEA:10843,SAPIG1331,1,0,R01466,4.2.3.1,-46.487300743648284,-12.508557617178724
RHEA:31258,SAPIG2095,1,0,R05071,1.1.1.86        5.4.99.3,0.00017690392297708968,7.140056137480355e-5
RHEA:33802,SAPIG2729,1,0,R03012,1.1.1.23,19.173228576556312,3.8692733905930363
RHEA:52387,SAPIG0127,1,0,R11705,2.5.1.140,-43.79484962267793,-8.838065306186776
RHEA:22147,SAPIG1352,1,0,R01900,4.2.1.3,-0.8211704982827541,-0.33143433777559056
RHEA:22587,SAPIG0425,1,0,R00310,4.98.1.1,,
RHEA:10508,SAPIG1344,1,0,R06590,2.2.1.1,2.9266975442405396,0.5906252504646161
RHEA:25294,SAPIG0181,1,0,R05238,1.2.1.3,-55.637470075038664,-11.227977678443194
RHEA:25294,SAPIG2164,1,0,R05238,1.2.1.3,-55.637470075038664,-11.227977678443194
RHEA:16373,SAPIG2172,1,0,R04391,2.7.1.33,-17.837073554960057,-3.599629232848466
RHEA:17240,SAPIG1274,1,0,R00161,2.7.7.2,-10.327291537738226,-2.084109840151094
RHEA:10543,SAPIG0581,1,0,R03504,4.1.2.25,-9.960813736854533,-2.680203207075948
RHEA:15764,SAPIG1330,1,0,R01775,1.1.1.3,19.43926068285714,3.92296027727689
RHEA:30798,SAPIG1093,1,0,R01933,1.2.1.-,-32.762275513064196,-4.407750120671834
RHEA:30798,SAPIG1414,1,0,R01933,1.2.1.-,-32.762275513064196,-4.407750120671834
RHEA:30798,SAPIG1415,1,0,R01933,1.2.1.-,-32.762275513064196,-4.407750120671834
RHEA:30798,SAPIG1584,1,0,R01933,1.2.1.-,-32.762275513064196,-4.407750120671834
RHEA:30890,SAPIG0580,1,0,R03066,2.5.1.15,-9.616189835822041,-2.5874736260212594
RHEA:30818,SAPIG0025,1,0,R02323,3.1.3.5         3.1.3.-,-11.557788167268875,-3.1099086611773745
RHEA:30818,SAPIG0159,1,0,R02323,3.1.3.5         3.1.3.-,-11.557788167268875,-3.1099086611773745
RHEA:30818,SAPIG1104,1,0,R02323,3.1.3.5         3.1.3.-,-11.557788167268875,-3.1099086611773745
RHEA:56519,SAPIG0661,1,0,R11522,1.3.98.5,96.90927319650257,13.037917969274568
RHEA:20049,SAPIG2723,1,0,R04037,3.5.4.19,-0.01175335648588316,-0.00474379672879797
RHEA:16828,SAPIG1675,1,0,R00964,2.7.1.48        2.7.1.213,-21.40540189344449,-4.319739454967182
RHEA:15612,SAPIG0566,1,0,R01049,2.7.6.1,-3.3936417727848607,-0.68485741752941
RHEA:23479,SAPIG0790,1,0,R03508,4.1.1.48,-89.54888251906905,-24.09534084847442
RHEA:23479,SAPIG1371,1,0,R03508,4.1.1.48,-89.54888251906905,-24.09534084847442
RHEA:29382,SAPIG0025,1,0,R01968,3.1.3.5         3.1.3.89,-31.299361772646414,-8.421867130402536
RHEA:29382,SAPIG0159,1,0,R01968,3.1.3.5         3.1.3.89,-31.299361772646414,-8.421867130402536
RHEA:29382,SAPIG1104,1,0,R01968,3.1.3.5         3.1.3.89,-31.299361772646414,-8.421867130402536
RHEA:78954,SAPIG2059,1,0,R02052,3.1.4.3,,
RHEA:22435,SAPIG0242,1,0,R01778,1.1.1.35        1.1.1.211,,
RHEA:25427,SAPIG0465,1,0,R01229,2.4.2.8         2.4.2.22,32.18248011036411,6.49461896503854
RHEA:25427,SAPIG0576,1,0,R01229,2.4.2.8         2.4.2.22,32.18248011036411,6.49461896503854
RHEA:18796,SAPIG0153,1,0,R01057,5.4.2.2         5.4.2.7,-11.473819726465877,-4.630972314215189
RHEA:30938,SAPIG0025,1,0,R03346,3.1.3.5         3.1.3.-,-44.564046096128884,-11.991058403712556
RHEA:30938,SAPIG0159,1,0,R03346,3.1.3.5         3.1.3.-,-44.564046096128884,-11.991058403712556
RHEA:30938,SAPIG1104,1,0,R03346,3.1.3.5         3.1.3.-,-44.564046096128884,-11.991058403712556
RHEA:28057,SAPIG0235,1,0,R06987,2.3.1.54,-3.5586346187342173,-0.718153970893962
RHEA:33034,SAPIG0260,1,0,R00875,1.1.1.14        1.1.1.15,-8.549203555054078,-1.7252809402575568
RHEA:28073,SAPIG1113,1,0,R07411,2.5.1.141,-55.104336057582714,-11.120388011991057
RHEA:21527,SAPIG2096,1,0,R01213,2.3.3.13,-26.483168367753365,-5.3444634144317895
RHEA:23035,SAPIG1069,1,0,R04208,6.3.3.1,,
RHEA:27629,SAPIG1344,1,0,R01830,2.2.1.1,-5.946115510564255,-1.1999620424152422
RHEA:59120,SAPIG0135,1,0,R12309,4.1.1.117,,
RHEA:13284,SAPIG0242,1,0,R04203,1.1.1.35        1.1.1.178,15.619673398786972,3.1521444815808546
RHEA:13364,SAPIG0720,1,0,R00856,2.7.7.39,-1.8448392164370944,-0.3722997022426695
RHEA:10264,SAPIG2391,1,0,R01602,5.1.3.3,0.0,0.0
RHEA:23676,SAPIG1985,1,0,R02788,6.3.2.13,-24.393653657316463,-3.2818578126170976
RHEA:23676,SAPIG1014,1,0,R02788,6.3.2.13,-24.393653657316463,-3.2818578126170976
RHEA:24934,SAPIG0438,1,0,R00782,4.4.1.1         4.4.1.13        4.4.1.28,-41.67738965934964,-8.410749089773953
RHEA:24934,SAPIG0526,1,0,R00782,4.4.1.1         4.4.1.13        4.4.1.28,-41.67738965934964,-8.410749089773953
RHEA:25204,SAPIG0645,1,0,R05338,4.1.2.43,-9.66209858021901,-2.5998265087491355
RHEA:30786,SAPIG0181,1,0,R01752,1.2.1.3,-57.17192440721419,-11.53763983538564
RHEA:30786,SAPIG2164,1,0,R01752,1.2.1.3,-57.17192440721419,-11.53763983538564
RHEA:22951,SAPIG2252,1,0,R01069,4.1.2.40,4.933086995375874,1.3273690217568774
RHEA:15841,SAPIG1571,1,0,R02736,1.1.1.49        1.1.1.363,-6.822034681511923,-1.3767278242931136
RHEA:13088,SAPIG1398,1,0,R04364,2.3.1.89        2.3.1.-,26.25267800881852,5.297949067145215
RHEA:35050,SAPIG2324,1,0,R09735,2.10.1.1,,
RHEA:31186,SAPIG0241,1,0,R04742,2.3.1.16,30.173820388936747,6.08925929492132
RHEA:31186,SAPIG1581,1,0,R04742,2.3.1.16,30.173820388936747,6.08925929492132
RHEA:26155,SAPIG1819,1,0,R04457,2.5.1.78,-98.75457319515772,-19.929269644790637
RHEA:16420,SAPIG2605,1,0,R00707,1.2.1.88,-43.46337935308293,-8.771172602707257
RHEA:20624,SAPIG2145,1,0,R00086,3.6.1.5         3.6.1.8         3.6.1.15        3.6.1.-,,
RHEA:20624,SAPIG2147,1,0,R00086,3.6.1.5         3.6.1.8         3.6.1.15        3.6.1.-,,
RHEA:20312,SAPIG1336,1,0,R00009,1.11.1.6        1.11.1.21,-174.78071563117157,-47.02907281926785
RHEA:23747,SAPIG0801,1,0,R03243,2.6.1.9,-8.832064772599267,-1.7823640432888632
RHEA:23747,SAPIG2728,1,0,R03243,2.6.1.9,-8.832064772599267,-1.7823640432888632
RHEA:20132,SAPIG0758,1,0,R00182,3.2.2.4,-35.02245499753272,-9.423657412321221
RHEA:18588,SAPIG0853,1,0,R01015,5.3.1.1,-5.617742386692498,-2.267388723317457
RHEA:30806,SAPIG0181,1,0,R01986,1.2.1.3,-53.24073468906454,-10.744301994078718
RHEA:30806,SAPIG2164,1,0,R01986,1.2.1.3,-53.24073468906454,-10.744301994078718
RHEA:13872,SAPIG1366,1,0,R01728,1.3.1.12,-27.899366821683913,-4.504208656419185
RHEA:13728,SAPIG0565,1,0,R05332,2.3.1.157,-21.98872037912156,-4.437456650371145
RHEA:15904,SAPIG0854,1,0,R01518,5.4.2.11        5.4.2.12,-4.474954330214274,-1.8061456519835717
RHEA:15904,SAPIG2467,1,0,R01518,5.4.2.11        5.4.2.12,-4.474954330214274,-1.8061456519835717
RHEA:21163,SAPIG1245,1,1,R00352,2.3.3.8,7.995349032491646,0.9220055718062252
RHEA:21163,SAPIG1246,1,1,R00352,2.3.3.8,7.995349032491646,0.9220055718062252
RHEA:31190,SAPIG0242,1,0,R04743,1.1.1.35        1.1.1.211,15.619639702528275,3.1521376814722233
RHEA:18076,SAPIG2639,1,0,R01868,1.3.5.2,,
RHEA:52576,SAPIG1006,1,0,R04956,1.3.1.10        1.3.1.39        1.3.1.104       1.3.1.-,56.008437381108024,11.30284112256388
RHEA:26565,SAPIG1043,1,0,R07263,4.1.3.36,-79.15471770622543,-31.947800730346337
RHEA:21823,SAPIG0437,1,0,R00650,2.1.1.10,-1.783449160202622,-0.3599108179143673
RHEA:27745,SAPIG0150,1,0,R02557,2.4.2.1,10.960856486568616,2.211967075458835
RHEA:27745,SAPIG1184,1,0,R02557,2.4.2.1,10.960856486568616,2.211967075458835
RHEA:27745,SAPIG2180,1,0,R02557,2.4.2.1,10.960856486568616,2.211967075458835
RHEA:49575,SAPIG1898,1,0,R11329,4.99.1.9,,
RHEA:14676,SAPIG2145,1,0,R00086,3.6.1.5         3.6.1.8         3.6.1.15        3.6.1.-,-72.95309234584084,-14.722374891017846
RHEA:14676,SAPIG2147,1,0,R00086,3.6.1.5         3.6.1.8         3.6.1.15        3.6.1.-,-72.95309234584084,-14.722374891017846
RHEA:46015,SAPIG2418,1,0,R00361,1.1.5.4,,
RHEA:46015,SAPIG2655,1,0,R00361,1.1.5.4,,
RHEA:26485,SAPIG1305,1,0,R01122,2.5.1.75,,
RHEA:30854,SAPIG2167,1,0,R02568,4.1.2.13,,
RHEA:30854,SAPIG2654,1,0,R02568,4.1.2.13,,
RHEA:45331,SAPIG0581,1,0,R11073,5.1.99.8,0.0,0.0
RHEA:16612,SAPIG1698,1,0,R00190,2.4.2.7,21.85988043624235,4.411455971318186
RHEA:24635,SAPIG2453,1,0,R00789,1.7.1.4,378.7291581611843,38.2149163888488
RHEA:27753,SAPIG0150,1,0,R02748,2.4.2.1         2.4.2.4,9.306626981202896,1.8781335647650883
RHEA:27753,SAPIG1184,1,0,R02748,2.4.2.1         2.4.2.4,9.306626981202896,1.8781335647650883
RHEA:27753,SAPIG2180,1,0,R02748,2.4.2.1         2.4.2.4,9.306626981202896,1.8781335647650883
RHEA:27741,SAPIG0150,1,0,R01969,2.4.2.1         2.4.2.4,17.70231477752708,3.572434097215033
RHEA:27741,SAPIG1184,1,0,R01969,2.4.2.1         2.4.2.4,17.70231477752708,3.572434097215033
RHEA:27741,SAPIG2180,1,0,R01969,2.4.2.1         2.4.2.4,17.70231477752708,3.572434097215033
RHEA:21732,SAPIG0790,1,0,R00985,4.1.3.27,-126.1966290133233,-20.37379387301893
RHEA:21732,SAPIG1368,1,1,R00985,4.1.3.27,-126.1966290133233,-20.37379387301893
RHEA:21732,SAPIG1369,1,1,R00985,4.1.3.27,-126.1966290133233,-20.37379387301893
RHEA:11855,SAPIG1184,1,0,R01402,2.4.2.28,10.498602949514435,2.1186815182826058
RHEA:40243,SAPIG1230,1,0,R04543,1.1.1.100       1.1.1.-         2.3.1.85        2.3.1.86,15.61963970252782,3.1521376814721314
RHEA:24946,SAPIG2605,1,0,R04445,1.2.1.88,1.6025137407084458,0.32339695686747905
RHEA:18448,SAPIG1071,1,0,R01127,3.5.4.10,19.58927111918979,7.9064665796841425
RHEA:23779,SAPIG1329,1,0,R00480,2.7.2.4,21.8484192944087,4.409143043636461
RHEA:23779,SAPIG1394,1,0,R00480,2.7.2.4,21.8484192944087,4.409143043636461
RHEA:24677,SAPIG1675,1,0,R00513,2.7.1.48        2.7.1.213,-15.70493018484899,-3.1693498162150333
RHEA:20560,SAPIG2338,1,1,R00131,3.5.1.5,-65.836761022531,-13.286256225974942
RHEA:20560,SAPIG2339,1,1,R00131,3.5.1.5,-65.836761022531,-13.286256225974942
RHEA:20560,SAPIG2340,1,1,R00131,3.5.1.5,-65.836761022531,-13.286256225974942
RHEA:22815,SAPIG1071,1,0,R01220,1.5.1.5,6.539300640623651,1.319670386279702
RHEA:30942,SAPIG1467,1,0,R03530,2.7.4.6,5.932685595925818,1.1972518044842149
RHEA:78667,SAPIG1230,1,0,R04566,1.1.1.100       1.1.1.-         2.3.1.85        2.3.1.86,15.61963970252873,3.1521376814723148
RHEA:27649,SAPIG0150,1,0,R01863,2.4.2.1,7.689387036265813,1.5517647708938
RHEA:27649,SAPIG1184,1,0,R01863,2.4.2.1,7.689387036265813,1.5517647708938
RHEA:27649,SAPIG2180,1,0,R01863,2.4.2.1,7.689387036265813,1.5517647708938
RHEA:46043,SAPIG0631,1,0,R01666,2.7.1.74        2.7.1.145       2.7.1.213,-13.25291273440871,-2.674517877171703
RHEA:11603,SAPIG1476,1,0,R00512,2.7.4.14        2.7.4.25,1.814752579502283,0.3662280370956404
RHEA:41831,SAPIG2141,1,0,R04954,2.3.1.85        2.3.1.86        2.3.1.-         4.2.1.59,,
RHEA:23787,SAPIG1818,1,0,R01253,1.5.5.2,,
RHEA:15104,SAPIG1401,1,0,R00451,4.1.1.20,-32.60685937587667,-8.773681687124531
RHEA:22111,SAPIG1437,1,0,R00996,4.3.1.19,-41.17958881126535,-11.080386493892536
RHEA:22111,SAPIG2100,1,0,R00996,4.3.1.19,-41.17958881126535,-11.080386493892536
RHEA:30874,SAPIG0283,1,0,R02750,2.7.1.15        2.7.1.229,-14.555481663886553,-2.9373841585659815
RHEA:30874,SAPIG1802,1,0,R02750,2.7.1.15        2.7.1.229,-14.555481663886553,-2.9373841585659815
RHEA:59112,SAPIG0136,1,0,R12344,2.7.1.225,-19.27267266106014,-3.889341807786635
RHEA:33130,SAPIG0280,1,0,R05134,3.2.1.86,9.530536779982157,2.564426553661245
RHEA:51623,SAPIG2664,1,0,R11636,1.1.98.6,-57.99709899808528,-11.704165054354497
RHEA:14784,SAPIG2476,1,0,R03209,6.2.1.14,-18.140221805015926,-2.44053758775666
RHEA:17740,SAPIG0262,1,0,R02413,1.1.1.25        1.1.1.282,6.5300719888095955,1.3178079885748712
RHEA:17740,SAPIG1661,1,0,R02413,1.1.1.25        1.1.1.282,6.5300719888095955,1.3178079885748712
RHEA:49235,SAPIG2691,1,0,R02630,2.7.1.191,,
RHEA:24885,SAPIG2605,1,0,R00708,1.2.1.88,-43.46123525809435,-8.770739911381792
RHEA:31210,SAPIG0243,1,0,R04751,1.3.3.6         1.3.8.1         1.3.8.5         1.3.8.7,40.503807293544924,8.173913076394875
RHEA:36495,SAPIG1612,1,0,R01786,2.7.1.1   2.7.1.2,-13.906182101829131,-2.806351583224738
RHEA:27645,SAPIG0150,1,0,R01561,2.4.2.1,8.138510656290833,1.6424006314694397
RHEA:27645,SAPIG1184,1,0,R01561,2.4.2.1,8.138510656290833,1.6424006314694397
RHEA:27645,SAPIG2180,1,0,R01561,2.4.2.1,8.138510656290833,1.6424006314694397
RHEA:13236,SAPIG0150,1,0,R02147,2.4.2.1         2.4.2.15,11.550320988387512,2.330924574060601
RHEA:13236,SAPIG1184,1,0,R02147,2.4.2.1         2.4.2.15,11.550320988387512,2.330924574060601
RHEA:13236,SAPIG2180,1,0,R02147,2.4.2.1         2.4.2.15,11.550320988387512,2.330924574060601
RHEA:25407,SAPIG2095,1,0,R05069,1.1.1.86        5.4.99.3,0.00026229942920963367,0.00010586721978055761
RHEA:17604,SAPIG0627,1,0,R01526,2.7.1.16        2.7.1.47,-27.526078971274387,-5.554929076532398
RHEA:22331,SAPIG2134,1,0,R03223,2.5.1.3,-25.92563916414622,-5.231950651994202
RHEA:11683,SAPIG0468,1,0,R01231,6.3.5.2,-349.61593255653827,-40.316918811098134
RHEA:11083,SAPIG0025,1,0,R01569,3.1.3.5         3.1.3.35        3.1.3.89        3.1.3.-,-26.156078047768716,-7.037939481668906
RHEA:11083,SAPIG0159,1,0,R01569,3.1.3.5         3.1.3.35        3.1.3.89        3.1.3.-,-26.156078047768716,-7.037939481668906
RHEA:11083,SAPIG1104,1,0,R01569,3.1.3.5         3.1.3.35        3.1.3.89        3.1.3.-,-26.156078047768716,-7.037939481668906
RHEA:21023,SAPIG1466,1,0,R01714,4.2.3.5,-62.6753856476601,-16.86436209484093
RHEA:14216,SAPIG0776,1,0,R02071,2.7.1.56,,
RHEA:31094,SAPIG0241,1,0,R03858,2.3.1.16,30.173820388935837,6.089259294921136
RHEA:31094,SAPIG1581,1,0,R03858,2.3.1.16,30.173820388935837,6.089259294921136
RHEA:56147,SAPIG2447,1,0,R09497,1.7.5.1,,
RHEA:56147,SAPIG2449,1,0,R09497,1.7.5.1,,
RHEA:56147,SAPIG2450,1,0,R09497,1.7.5.1,,
RHEA:11819,SAPIG0945,1,0,R00771,5.3.1.9,-1.1506968221270881,-0.46443514473512787
RHEA:31206,SAPIG0241,1,0,R04747,2.3.1.16,30.173820388936292,6.089259294921228
RHEA:31206,SAPIG1581,1,0,R04747,2.3.1.16,30.173820388936292,6.089259294921228
RHEA:11827,SAPIG2647,1,0,R01226,2.1.2.11,9.678488027443677,1.9531773710532396
RHEA:52540,SAPIG2178,1,0,R02296,2.4.2.2,15.976794305895872,3.2242136387175138
RHEA:49007,SAPIG2356,1,0,R11383,1.14.13.222,66.53211493612767,10.741266278210649
RHEA:11960,SAPIG0200,1,0,R04475,2.6.1.17,-0.9220551187593742,-0.1860762949458634
RHEA:22611,SAPIG2062,1,0,R02734,3.5.1.18,-9.09320445178642,-2.4467514781549795
RHEA:23299,SAPIG0328,1,0,R01811,4.1.3.3,,
RHEA:21164,SAPIG0858,1,0,R08220,3.1.1.1,,
RHEA:31062,SAPIG0181,1,0,R04065,1.2.1.3,-43.93176151248963,-8.865694952909497
RHEA:31062,SAPIG2164,1,0,R04065,1.2.1.3,-43.93176151248963,-8.865694952909497
RHEA:17848,SAPIG1822,1,0,R03458,1.1.1.193,25.278593093993777,5.101372844937238
RHEA:20213,SAPIG0663,1,0,R12425,2.3.1.204,-34.22967506944207,-13.815510557964275
RHEA:49835,SAPIG0181,1,0,R00631,1.2.1.3         1.2.1.5,,
RHEA:49835,SAPIG0199,1,0,R00631,1.2.1.3         1.2.1.5,,
RHEA:49835,SAPIG2164,1,0,R00631,1.2.1.3         1.2.1.5,,
RHEA:28049,SAPIG0662,1,0,R00921,2.3.1.8         2.3.1.222,20.65538455650659,4.16838142401742
RHEA:18632,SAPIG1002,1,0,R00104,2.7.1.23,-12.75907727524509,-2.574858897264195
RHEA:13124,SAPIG1603,1,0,R02412,2.7.1.71,-26.21567300786694,-5.290481234331919
RHEA:27893,SAPIG0159,1,0,R01877,3.1.3.6,-30.61700392967296,-8.238261882134095
RHEA:44968,SAPIG1006,1,0,R04967,1.3.1.10        1.3.1.39        1.3.1.104       1.3.1.-,-56.20429766451798,-11.342366911339944
RHEA:22971,SAPIG0162,1,0,R01172,1.2.1.10        1.2.1.57        1.2.1.87,6.589417966742445,1.0638274924396307
RHEA:34075,SAPIG1355,1,0,R12241,2.3.1.275,,
RHEA:23287,SAPIG2398,1,0,R01123,5.3.3.2,-4.844563810027296,-1.9553245051371935
RHEA:24215,SAPIG2135,1,0,R04448,2.7.1.50,-18.358977114984214,-3.704952525125199
RHEA:12107,SAPIG1428,1,0,R02101,2.1.1.45,-45.276592267676165,-9.137089926120053
RHEA:36374,SAPIG0252,1,0,R01000,1.1.1.27,15.61935796471721,3.152080825079408
RHEA:36374,SAPIG2650,1,0,R01000,1.1.1.27,15.61935796471721,3.152080825079408
RHEA:33366,SAPIG2210,1,0,R02704,2.7.1.197,,
RHEA:33366,SAPIG2211,1,0,R02704,2.7.1.197,,
RHEA:29094,SAPIG0518,1,0,R11945,7.1.1.2,,
RHEA:31046,SAPIG0181,1,0,R03869,1.2.1.3,-45.7118051858788,-9.224918523005549
RHEA:31046,SAPIG2164,1,0,R03869,1.2.1.3,-45.7118051858788,-9.224918523005549
RHEA:24403,SAPIG1260,1,0,R00158,2.7.4.4         2.7.4.14        2.7.4.22,-0.5856878804379448,-0.11819535358496225
RHEA:63388,SAPIG1112,1,0,R07412,1.17.99.9,,
RHEA:10199,SAPIG1842,1,0,R04031,4.2.1.113,-38.59048805797562,-15.57558738493297
RHEA:31170,SAPIG0242,1,0,R04739,1.1.1.35        1.1.1.211,15.61963970252873,3.1521376814723148
RHEA:12188,SAPIG1415,1,0,R01700,1.2.4.2,,
RHEA:20572,SAPIG2219,1,0,R00551,3.5.3.1,-51.0289993468993,-13.730613915347156
RHEA:19824,SAPIG0437,1,0,R07168,1.5.1.20        1.5.1.54,40.471808545471504,8.167455535665184
RHEA:12463,SAPIG1917,1,0,R01082,4.2.1.2,3.4246457741631957,1.3822284247295533
RHEA:10991,SAPIG0277,1,0,R00294,1.7.2.5,202.62830419633218,32.71329301592992
RHEA:23735,SAPIG0665,1,0,R01121,4.1.1.33,-67.96386506067853,-9.143679116643629
RHEA:11099,SAPIG1472,1,0,R00844,1.1.1.94,22.62886215820754,4.566641129768257
RHEA:19400,SAPIG1209,1,0,R04231,6.3.2.5,-57.34100100331807,-7.714507009472988
RHEA:23663,SAPIG2382,1,0,R02288,3.5.2.7,-15.37068893815831,-6.203795825625175
RHEA:20436,SAPIG0260,1,0,R01896,1.1.1.9         1.1.1.14,16.426037437753166,3.314873617503116
RHEA:27681,SAPIG1467,1,0,R02326,2.7.4.6,4.061041458536806,0.819542707211278
RHEA:59128,SAPIG0133,1,0,R12311,6.3.2.55,,
RHEA:32274,SAPIG2097,1,0,R10052,1.1.1.85,-15.44405806592718,-2.4933633969328604
RHEA:16856,SAPIG2002,1,0,R01083,4.3.2.2,-0.8957274954223351,-0.24101762861145137
RHEA:18116,SAPIG1467,1,0,R00331,2.7.4.6,,
RHEA:25155,SAPIG0801,1,0,R00694,2.6.1.1         2.6.1.5         2.6.1.9         2.6.1.57,-14.561158614794408,-2.938529801565008
RHEA:25155,SAPIG2728,1,0,R00694,2.6.1.1         2.6.1.5         2.6.1.9         2.6.1.57,-14.561158614794408,-2.938529801565008
RHEA:15988,SAPIG0191,1,0,R00519,1.17.1.9,-14.41279943156178,-2.9085900218539362
RHEA:15988,SAPIG2360,1,0,R00519,1.17.1.9,-14.41279943156178,-2.9085900218539362
RHEA:12824,SAPIG0152,1,0,R01066,4.1.2.4,-15.53313629351598,-4.179574361057779
RHEA:12824,SAPIG2179,1,0,R01066,4.1.2.4,-15.53313629351598,-4.179574361057779
RHEA:16064,SAPIG0040,1,0,R01030,3.1.4.2         3.1.4.46,-274.3542494599136,-73.82179395210528
RHEA:16064,SAPIG0942,1,0,R01030,3.1.4.2         3.1.4.46,-274.3542494599136,-73.82179395210528
RHEA:16064,SAPIG1773,1,0,R01030,3.1.4.2         3.1.4.46,-274.3542494599136,-73.82179395210528
RHEA:33374,SAPIG0540,1,0,R02780,2.7.1.201,,
RHEA:44960,SAPIG1006,1,0,R04962,1.3.1.10        1.3.1.39        1.3.1.104       1.3.1.-,-56.204297664518435,-11.342366911340036
RHEA:12539,SAPIG2010,1,0,R00691,4.2.1.51        4.2.1.91,-91.31718136145676,-24.571145371442324
RHEA:42407,SAPIG2249,1,0,R03256,3.2.1.85,-27.377966331151384,-7.366718734280944
RHEA:14908,SAPIG1068,1,0,R01072,2.4.2.14,81.22836253673572,13.113899538406736
RHEA:51631,SAPIG2664,1,0,R11635,1.1.98.6,-64.97671337157561,-13.112693412743129
RHEA:39034,SAPIG1013,1,0,R04377,2.4.1.315,,
RHEA:27673,SAPIG1104,1,0,R01185,3.1.3.25,-39.99854312159754,-10.762596950911837
RHEA:42292,SAPIG1228,1,0,R12240,2.3.1.274,,
RHEA:11771,SAPIG1370,1,0,R01073,2.4.2.18,62.81328892731557,12.676101286314863
RHEA:28533,SAPIG0025,1,0,R02719,3.1.3.5,-28.571838248505507,-7.687959490936322
RHEA:28533,SAPIG0159,1,0,R02719,3.1.3.5,-28.571838248505507,-7.687959490936322
RHEA:28533,SAPIG1104,1,0,R02719,3.1.3.5,-28.571838248505507,-7.687959490936322
RHEA:15048,SAPIG1093,1,0,R08550,1.8.1.4,,
RHEA:15048,SAPIG1584,1,0,R08550,1.8.1.4,,
RHEA:14736,SAPIG2145,1,0,R00086,3.6.1.5         3.6.1.8         3.6.1.15        3.6.1.-,,
RHEA:14736,SAPIG2147,1,0,R00086,3.6.1.5         3.6.1.8         3.6.1.15        3.6.1.-,,
RHEA:12459,SAPIG0263,1,1,R02921,2.7.7.40,-9.353371869863622,-1.8875669657762426
RHEA:12459,SAPIG0268,1,1,R02921,2.7.7.40,-9.353371869863622,-1.8875669657762426
RHEA:31042,SAPIG0243,1,0,R03857,1.3.3.6         1.3.8.7         1.3.8.8         1.3.99.-,40.697523481965845,8.213006173845383
RHEA:31118,SAPIG1456,1,0,R01074,6.2.1.11        6.3.4.9         6.3.4.10        6.3.4.11,1166.2229463816427,235.3508380665211
RHEA:19436,SAPIG2556,1,0,R01737,2.7.1.12,-12.496936260465986,-2.5219572563632955
RHEA:22075,SAPIG0627,1,0,R02439,2.7.1.16,-13.725175080701433,-2.7698232725355165
RHEA:15644,SAPIG1755,1,0,R00217,1.1.1.38        1.1.1.40        4.1.1.112,-31.512817181067632,-8.479302585510133
RHEA:27865,SAPIG0159,1,0,R02148,3.1.3.6,-30.610409530111944,-8.23648749589226
RHEA:44952,SAPIG1006,1,0,R04959,1.3.1.10        1.3.1.39        1.3.1.104       1.3.1.-,-56.20429766451775,-11.342366911339898
RHEA:10535,SAPIG1373,1,1,R02722,4.2.1.20,-31.48986038562893,-6.3548441190851275
RHEA:10535,SAPIG1374,1,1,R02722,4.2.1.20,-31.48986038562893,-6.3548441190851275
RHEA:36226,SAPIG2059,1,0,R07381,3.1.4.3,,
RHEA:12559,SAPIG2016,1,0,R02035,3.1.1.31,-25.37872803793556,-10.243161363480558
RHEA:15756,SAPIG0017,1,0,R01135,6.3.4.4,-0.5731927280928346,-0.0771158375556653
RHEA:39147,SAPIG0241,1,0,R07953,2.3.1.16        2.3.1.176,-30.173820722427536,-6.089259362221776
RHEA:29374,SAPIG0025,1,0,R02088,3.1.3.5         3.1.3.89,-33.265045522924304,-8.950782942983082
RHEA:29374,SAPIG0159,1,0,R02088,3.1.3.5         3.1.3.89,-33.265045522924304,-8.950782942983082
RHEA:29374,SAPIG1104,1,0,R02088,3.1.3.5         3.1.3.89,-33.265045522924304,-8.950782942983082
RHEA:13020,SAPIG1195,1,1,R00966,2.4.2.9,21.229363042828425,4.284213751109869
RHEA:13020,SAPIG2154,1,1,R00966,2.4.2.9,21.229363042828425,4.284213751109869
RHEA:31182,SAPIG0242,1,0,R04741,1.1.1.35        1.1.1.211,15.61963970252873,3.1521376814723148
RHEA:22927,SAPIG1654,1,0,R01663,3.5.4.12,-40.85908458077685,-10.994146906532483
RHEA:17188,SAPIG1339,1,0,R01134,1.7.1.7,-241.39940049914466,-38.97268623808225
RHEA:17460,SAPIG0899,1,0,R07460,2.8.1.7,,
RHEA:17460,SAPIG1686,1,0,R07460,2.8.1.7,,
RHEA:17460,SAPIG1769,1,0,R07460,2.8.1.7,,
RHEA:27717,SAPIG0025,1,0,R01227,3.1.3.5         3.1.3.-,-24.776356585331875,-6.666691309964565
RHEA:27717,SAPIG0159,1,0,R01227,3.1.3.5         3.1.3.-,-24.776356585331875,-6.666691309964565
RHEA:27717,SAPIG1104,1,0,R01227,3.1.3.5         3.1.3.-,-24.776356585331875,-6.666691309964565
RHEA:27901,SAPIG0159,1,0,R01562,3.1.3.6,-35.07323551577257,-9.43732116625127
RHEA:28165,SAPIG1675,1,0,R00517,2.7.1.48,-13.03720007556808,-2.6309857590658
RHEA:25318,SAPIG1047,1,0,R04467,2.6.1.-,-9.417624830272246,-1.9005336014674221
RHEA:11675,SAPIG0791,1,0,R01716,2.6.1.85,-18.06151096497183,-3.644922058464388
RHEA:27897,SAPIG0159,1,0,R02370,3.1.3.6,-39.4775934434001,-10.622422560032115
RHEA:17456,SAPIG1072,1,0,R04144,6.3.4.13,,
RHEA:29362,SAPIG0025,1,0,R00963,3.1.3.5         3.1.3.-,-25.351188915220433,-6.821364160476552
RHEA:29362,SAPIG0159,1,0,R00963,3.1.3.5         3.1.3.-,-25.351188915220433,-6.821364160476552
RHEA:29362,SAPIG1104,1,0,R00963,3.1.3.5         3.1.3.-,-25.351188915220433,-6.821364160476552
RHEA:18476,SAPIG2730,1,0,R01071,2.4.2.17,52.02627285359216,10.49921625668602
RHEA:33795,SAPIG1573,1,0,R00801,3.2.1.10        3.2.1.20        3.2.1.26        3.2.1.48,-38.854792939108194,-10.45484268623168
RHEA:33795,SAPIG2078,1,0,R00801,3.2.1.10        3.2.1.20        3.2.1.26        3.2.1.48,-38.854792939108194,-10.45484268623168
RHEA:35334,SAPIG1397,1,0,R04199,1.17.1.8,47.55532917883238,9.596952805201347
RHEA:31162,SAPIG0242,1,0,R04737,1.1.1.35        1.1.1.211,15.61963970252782,3.1521376814721314
RHEA:13700,SAPIG0283,1,0,R01051,2.7.1.15,-26.98699976510784,-5.446139635071679
RHEA:13700,SAPIG1802,1,0,R01051,2.7.1.15,-26.98699976510784,-5.446139635071679
RHEA:25783,SAPIG0177,1,0,R03317,1.1.1.336,-31.108979027468422,-4.185319972894546
RHEA:39151,SAPIG1230,1,0,R07763,1.1.1.100       2.3.1.-,-15.621783797516855,-3.1525703727976873
RHEA:18160,SAPIG1751,1,0,R00200,2.7.1.40,25.02731995561635,5.050664407168787
RHEA:30754,SAPIG0244,1,0,R01280,6.2.1.3,-13.525631023943788,-1.8197027173578948
RHEA:14660,SAPIG2388,1,0,R01056,5.3.1.6,3.0470824597819615,1.2298393078141368
RHEA:42251,SAPIG0980,1,0,R04952,2.3.1.41        2.3.1.85        2.3.1.86        2.3.1.179,,
RHEA:44143,SAPIG1291,1,1,R01196,1.2.7.1         1.2.7.11,-54.04077720874284,-7.2705036061384885
RHEA:44143,SAPIG1292,1,1,R01196,1.2.7.1         1.2.7.11,-54.04077720874284,-7.2705036061384885
RHEA:10803,SAPIG0465,1,0,R02142,2.4.2.8         2.4.2.22,27.528684387246102,5.555454865220022
RHEA:10803,SAPIG0576,1,0,R02142,2.4.2.8         2.4.2.22,27.528684387246102,5.555454865220022
RHEA:16236,SAPIG2495,1,0,R02472,1.1.1.169,15.961268504809595,3.2210804382358678
RHEA:16236,SAPIG2648,1,0,R02472,1.1.1.169,15.961268504809595,3.2210804382358678
RHEA:17512,SAPIG2137,1,0,R02133,3.5.99.2,34.218045002013,9.207211014792586
RHEA:14504,SAPIG0526,1,0,R01283,4.4.1.2,-39.39292430180784,-7.94973017559504
RHEA:14504,SAPIG2176,1,0,R01283,4.4.1.2,-39.39292430180784,-7.94973017559504
RHEA:23103,SAPIG2282,1,0,R01547,2.7.4.3         2.7.4.11,3.278936094726987,0.6617091185307769
RHEA:19172,SAPIG1437,1,0,R00220,4.3.1.17        4.3.1.19,-47.281592052191,-12.722281331801764
RHEA:19172,SAPIG2100,1,0,R00220,4.3.1.17        4.3.1.19,-47.281592052191,-12.722281331801764
RHEA:19172,SAPIG2581,1,1,R00220,4.3.1.17        4.3.1.19,-47.281592052191,-12.722281331801764
RHEA:19172,SAPIG2582,1,1,R00220,4.3.1.17        4.3.1.19,-47.281592052191,-12.722281331801764
RHEA:10155,SAPIG1164,1,0,R00150,2.7.2.2,46.06498921162577,7.436954554954233
RHEA:10155,SAPIG2682,1,0,R00150,2.7.2.2,46.06498921162577,7.436954554954233
RHEA:21971,SAPIG1465,1,0,R03083,4.2.3.4,-167.44211253532563,-45.054440216695475
RHEA:13104,SAPIG2383,1,0,R02914,4.2.1.49,10.083531633698584,4.069835236948986
RHEA:21099,SAPIG0883,1,0,R03084,4.2.1.10,-5.290246993946141,-2.1352076246949014
RHEA:12083,SAPIG0979,1,0,R10707,2.3.1.180,,
RHEA:16109,SAPIG1752,1,0,R04779,2.7.1.11,-21.05010908198551,-4.248039218579861
RHEA:15484,SAPIG2155,1,0,R00945,2.1.2.1,10.110642594447427,2.0403887741851787
RHEA:31114,SAPIG0241,1,0,R01177,2.3.1.9         2.3.1.16,30.430436146605643,6.141045905548244
RHEA:31114,SAPIG0434,1,0,R01177,2.3.1.9         2.3.1.16,30.430436146605643,6.141045905548244
RHEA:31114,SAPIG1581,1,0,R01177,2.3.1.9         2.3.1.16,30.430436146605643,6.141045905548244
RHEA:31198,SAPIG0242,1,0,R04745,1.1.1.35        1.1.1.211,15.619639702528275,3.1521376814722233
RHEA:70226,SAPIG0629,1,0,R10991,2.6.1.42,-10.99368024099175,-2.218591107455412
RHEA:19868,SAPIG1899,1,0,R03197,4.1.1.37,-90.89035961389106,-12.228149213759092
RHEA:17908,SAPIG0913,1,0,R01388,1.1.1.26        1.1.1.29        1.1.1.81,28.18087003233677,5.687069869557977
RHEA:17908,SAPIG1955,1,0,R01388,1.1.1.26        1.1.1.29        1.1.1.81,28.18087003233677,5.687069869557977
RHEA:23427,SAPIG2216,1,0,R02060,5.4.2.10,-3.137003350043642,-1.2661324659078528
RHEA:12175,SAPIG0644,1,0,R00765,3.5.99.6,-10.556272143117695,-2.840426013395669
RHEA:16252,SAPIG0945,1,0,R02739,5.1.3.15        5.3.1.9,-1.312041908641902,-0.529555971669621
RHEA:11003,SAPIG0629,1,0,R02190,3.5.1.77,,
RHEA:28613,SAPIG1147,1,0,R02720,3.6.1.66,-70.425924742989,-18.94983626278053
RHEA:16188,SAPIG0181,1,0,R00538,1.2.1.3         1.2.1.5,,
RHEA:16188,SAPIG2164,1,0,R00538,1.2.1.3         1.2.1.5,,
RHEA:22827,SAPIG2178,1,0,R02484,2.4.2.2         2.4.2.3         2.4.2.4,4.813982916489806,0.9714908434523539
RHEA:28433,SAPIG2388,1,0,R09030,5.3.1.6,-2.0015191764128986,-0.8078373299659569
RHEA:21191,SAPIG2007,1,0,R00189,6.3.1.5         6.3.5.1,-23.611169368917217,-3.1765844406487713
RHEA:41879,SAPIG2141,1,0,R04965,2.3.1.85        2.3.1.86        2.3.1.-         4.2.1.59,,
RHEA:68867,SAPIG1573,1,0,R01718,3.2.1.10,-23.89220276279596,-6.428787864190713
RHEA:19804,SAPIG1121,1,0,R03035,2.7.7.3,-18.035615784226138,-3.639696254505298
RHEA:19892,SAPIG2549,1,0,R00289,2.7.7.9         2.7.7.64,-10.521515582447698,-2.1233054260696074
RHEA:15472,SAPIG2725,1,0,R04640,5.3.1.16,-9.775624832238577,-3.9455603305173637
RHEA:14629,SAPIG0196,1,0,R02649,2.7.2.8,24.665909535786227,4.977729600443455
RHEA:21588,SAPIG0199,1,0,R03443,1.2.1.38,21.596947592763996,3.4867156276806046
RHEA:23523,SAPIG0245,1,0,R00928,2.8.3.1,7.05574088924908,1.423891149301374
RHEA:27757,SAPIG0626,1,0,R09796,4.2.1.130,-57.44681514954934,-23.186228896707938
RHEA:25248,SAPIG0060,1,0,R01736,3.1.2.6,-51.097137620449644,-13.748948202496663
RHEA:25248,SAPIG0061,1,0,R01736,3.1.2.6,-51.097137620449644,-13.748948202496663
RHEA:25248,SAPIG1610,1,0,R01736,3.1.2.6,-51.097137620449644,-13.748948202496663
RHEA:30702,SAPIG2652,1,0,R00908,2.6.1.19,-3.558653012456432,-0.7181576828582582
RHEA:12187,SAPIG0140,1,0,R03707,1.1.1.76,15.619288283401602,3.1520667629688344
RHEA:23355,SAPIG2652,1,0,R01648,2.6.1.19,6.510865899433156,1.313932083676284
RHEA:22335,SAPIG2098,1,1,R03896,4.2.1.35,9.371863922104808,3.782597547332017
RHEA:22335,SAPIG2099,1,1,R03896,4.2.1.35,9.371863922104808,3.782597547332017
RHEA:38283,SAPIG1245,1,1,R02404,6.2.1.5,-3.421946533745995,-0.6905694893370724
RHEA:38283,SAPIG1246,1,1,R02404,6.2.1.5,-3.421946533745995,-0.6905694893370724
RHEA:27829,SAPIG0439,1,0,R01288,2.5.1.48,-56.532158801013225,-11.408531269949938
RHEA:10939,SAPIG0784,1,0,R07177,1.8.5.2,17.776266483914718,2.869886398763449
RHEA:26461,SAPIG0904,1,0,R00025,1.13.12.16,-45.041751284531514,-6.059798397718074
RHEA:52572,SAPIG1006,1,0,R04429,1.3.1.9,50.63361222474214,10.218168925934185
RHEA:41824,SAPIG1230,1,0,R04953,1.1.1.100,,
RHEA:41824,SAPIG1282,1,0,R04953,1.1.1.100,,
RHEA:41832,SAPIG1006,1,0,R04956,1.3.1.10,,
RHEA:41840,SAPIG1230,1,0,R04953,1.1.1.100,,
RHEA:41840,SAPIG1282,1,0,R04953,1.1.1.100,,
RHEA:41528,SAPIG1006,1,0,R04958,1.3.1.9,,
RHEA:41848,SAPIG1006,1,0,R04959,1.3.1.10,,
RHEA:41856,SAPIG1230,1,0,R04534,1.1.1.100,,
RHEA:41856,SAPIG1282,1,0,R04534,1.1.1.100,,
RHEA:54936,SAPIG1006,1,0,R04961,1.3.1.9,,
RHEA:41864,SAPIG1006,1,0,R04962,1.3.1.10,,
RHEA:41872,SAPIG1230,1,0,R04964,1.1.1.100,,
RHEA:41872,SAPIG1282,1,0,R04964,1.1.1.100,,
RHEA:41880,SAPIG1006,1,0,R04725,1.3.1.10,,
RHEA:41888,SAPIG1230,1,0,R04566,1.1.1.100,,
RHEA:41888,SAPIG1282,1,0,R04566,1.1.1.100,,
RHEA:41896,SAPIG1006,1,0,R04967,1.3.1.10,,
RHEA:41904,SAPIG1230,1,0,R04543,1.1.1.100,,
RHEA:41904,SAPIG1282,1,0,R04543,1.1.1.100,,
RHEA:41908,SAPIG2141,1,0,R04544,4.2.1.59,,
RHEA:54900,SAPIG1006,1,0,R04969,1.3.1.9,,
RHEA:41912,SAPIG1006,1,0,R04970,1.3.1.10,,
RHEA:41916,SAPIG0980,1,0,R07762,2.3.1.179,,
RHEA:41920,SAPIG1230,1,0,R07763,1.1.1.100,,
RHEA:41920,SAPIG1282,1,0,R07763,1.1.1.100,,
RHEA:41928,SAPIG1006,1,0,R07765,1.3.1.9,,
RHEA:10240,SAPIG1006,1,0,R01404,1.3.1.10,,
RHEA:18049,SAPIG0200,1,0,R02283,2.6.1.11,-3.2232906486289608,-0.6504795312426956
RHEA:15349,SAPIG0197,1,0,R02282,2.3.1.35,2.0942764422053415,0.4226376417521652
RHEA:15349,SAPIG0198,1,0,R02282,2.3.1.35,2.0942764422053415,0.4226376417521652
RHEA:19513,SAPIG1163,1,0,R01398,2.1.3.3,-30.305986683613547,-6.115931251868179
RHEA:19513,SAPIG2684,1,0,R01398,2.1.3.3,-30.305986683613547,-6.115931251868179
RHEA:19597,SAPIG2685,1,0,R00552,3.5.3.6,-54.3501670327536,-14.624256193781592
RHEA:19625,SAPIG1322,1,0,R00751,4.1.2.48 4.1.2.5,-7.119280950084175,-1.9156185567340827
RHEA:26209,SAPIG1322,1,0,R06171,4.1.2.48 4.1.2.5,-17.164567461690325,-4.618551252361976
RHEA:30850,SAPIG0243,1,0,R02487,1.3.8.6,9.509517318322963,1.5352624486899806
RHEA:19712,SAPIG1779,1,0,R02241,2.3.1.51,,
RHEA:12596,SAPIG1285,1,0,R01801,2.7.8.5,,
RHEA:32927,SAPIG2059,1,0,R02027,3.1.4.3,,
RHEA:44696,SAPIG1816,1,0,R02747,3.1.1.5,,
RHEA:15180,SAPIG1816,1,0,R02746,3.1.1.5,,
RHEA:32967,SAPIG1816,1,0,R03416,3.1.1.5,,
RHEA:26478,SAPIG1039,1,0,R10757,2.5.1.74,,
RHEA:42643,SAPIG1469,1,0,R09736,2.1.1.163,,
RHEA:22864,SAPIG2111,1,0,R00401,5.1.1.5,5.052271490058047e-8,2.0391578351531385e-8
RHEA:37587,SAPIG1803,1,0,R02851,2.6.1.21,-8.363880971898539,-1.68788172307217
RHEA:16585,SAPIG0908,1,0,R07767,2.8.1.8,,
RHEA:30934,SAPIG0439,1,0,R03217,2.5.1.48,-72.48203027389053,-14.62731171826959
RHEA:26337,SAPIG0437,1,0,R11063,2.1.1.10,-1.149765580708845,-0.23202964222186942
RHEA:13681,SAPIG2546,1,0,R04858,2.1.1.37,0,0
RHEA:21260,SAPIG1771,1,0,R02025,1.8.4.14,0,0
RHEA:23707,SAPIG1820,1,0,R00425,3.5.4.25,,
RHEA:21871,SAPIG1822,1,0,R03459,3.5.4.26,,
RHEA:30150,SAPIG0635,1,0,R09748,1.5.1.36,,
RHEA:38215,SAPIG1571,1,0,R10907,1.1.1.363,,
RHEA:30774,SAPIG0255,1,0,R01677,3.2.2.1,,
RHEA:30774,SAPIG2334,1,0,R01677,3.2.2.1,,
RHEA:17053,SAPIG1832,1,0,R01827,2.2.1.2,,
