KEGG_ID,RHEA_ID,Protein,Stoichiometry,Isozyme
R03857,31042,SAPIG0243,4,0
R02250,33271,SAPIG0333,1,0
R02250,33271,SAPIG2721,1,0
R01876,24391,SAPIG2178,2,0
R02331,28585,SAPIG1467,4,0
R07412,63388,SAPIG1112,1,0
R01388,17908,SAPIG0913,2,0
R01388,17908,SAPIG1955,2,0
R06987,28057,SAPIG0235,2,0
R11705,52387,SAPIG0127,2,0
R00212,11847,SAPIG0235,2,0
R01072,14908,SAPIG1068,1,0
R03270,19189,SAPIG1091,1,1
R03270,19189,SAPIG1090,1,1
R00125,24255,SAPIG1658,2,0
R10707,12083,SAPIG0979,2,0
R00253,16172,SAPIG1311,12,0
R01291,17756,SAPIG2176,2,0
R01974,18020,SAPIG0205,4,0
R04089,48999,SAPIG2574,1,0
R02323,30818,SAPIG0025,2,0
R02323,30818,SAPIG0159,1,0
R02323,30818,SAPIG1104,1,0
R01049,15612,SAPIG0566,6,0
R00782,24934,SAPIG0438,4,0
R00782,24934,SAPIG0526,1,0
R00243,15136,SAPIG0941,6,0
R01776,13704,SAPIG0012,2,0
R11522,56519,SAPIG0661,6,0
R02473,10915,SAPIG2646,2,0
R02734,22611,SAPIG2062,1,0
R01877,27893,SAPIG0159,1,0
R04558,24796,SAPIG2726,1,1
R04558,24796,SAPIG2724,1,1
R00575,18636,SAPIG1200,1,1
R00575,18636,SAPIG1199,1,1
R01083,16856,SAPIG2002,2,0
R09078,27289,SAPIG0140,1,0
R02413,17740,SAPIG0262,1,0
R02413,17740,SAPIG1661,2,0
R03869,31046,SAPIG0181,1,0
R03869,31046,SAPIG2164,1,0
R05634,18440,SAPIG0561,1,0
R00765,12175,SAPIG0644,1,0
R00114,15504,SAPIG0537,1,1
R00114,15504,SAPIG0538,1,1
R02071,14216,SAPIG0776,1,0
R03317,25783,SAPIG0177,4,0
R04001,10679,SAPIG2099,1,1
R04001,10679,SAPIG2098,1,1
R01395,30758,SAPIG1164,1,0
R01395,30758,SAPIG2682,1,0
R01395,30758,SAPIG1200,1,1
R01395,30758,SAPIG1199,1,1
R02297,27641,SAPIG0150,6,0
R02297,27641,SAPIG1184,2,0
R02297,27641,SAPIG2180,6,0
R09959,27969,SAPIG0788,4,0
R00758,19664,SAPIG2214,1,0
R01251,14112,SAPIG1569,1,0
R04743,31190,SAPIG0242,1,0
R04378,31138,SAPIG1698,2,0
R01986,30806,SAPIG0181,1,0
R01986,30806,SAPIG2164,1,0
R04543,40243,SAPIG1230,4,0
R04543,41904,SAPIG1230,4,0
R01778,22435,SAPIG0242,1,0
R00267,19632,SAPIG1748,2,0
R11581,34246,SAPIG2320,1,0
R04858,13681,SAPIG2546,1,0
R05070,27697,SAPIG2092,2,0
R02370,27897,SAPIG0159,1,0
R02164,13716,SAPIG1144,1,1
R02164,40526,SAPIG1144,1,1
R02164,13716,SAPIG1145,1,1
R02164,40526,SAPIG1145,1,1
R10991,70226,SAPIG0629,1,0
R11073,45331,SAPIG0581,8,0
R02018,28029,SAPIG0808,2,1
R02018,28029,SAPIG0809,2,1
R00837,23011,SAPIG0541,1,0
R01863,27649,SAPIG0150,6,0
R01863,27649,SAPIG1184,2,0
R01863,27649,SAPIG2180,6,0
R02704,33366,SAPIG2210,2,0
R02704,33366,SAPIG2211,1,0
R11372,49583,SAPIG2325,6,0
R01470,29322,SAPIG0040,1,0
R01470,29322,SAPIG0942,1,0
R01470,29322,SAPIG1773,1,0
R01280,30754,SAPIG0244,1,0
R03929,27885,SAPIG0159,1,0
R03929,27885,SAPIG1290,2,0
R04448,24215,SAPIG2135,1,0
R00760,16128,SAPIG2077,1,0
R00491,14976,SAPIG0193,1,0
R11636,51623,SAPIG2664,4,0
R12240,42292,SAPIG1228,2,0
R02087,25260,SAPIG0331,1,0
R00619,11579,SAPIG1222,1,0
R01213,21527,SAPIG2096,4,0
R01055,18340,SAPIG0325,3,0
R04747,31206,SAPIG0241,1,0
R04747,31206,SAPIG1581,24,0
R04144,17456,SAPIG1072,1,0
R01177,31114,SAPIG0434,1,0
R01177,31114,SAPIG0241,1,0
R01177,31114,SAPIG1581,24,0
R09993,31802,SAPIG2137,4,0
R08555,26413,SAPIG0209,2,0
R05048,17473,SAPIG0641,1,0
R01126,27721,SAPIG0025,2,0
R01126,27721,SAPIG0159,1,0
R01126,27721,SAPIG1104,1,0
R08166,25600,SAPIG1042,1,0
R03777,30946,SAPIG0243,4,0
R09735,35050,SAPIG2324,1,0
R00582,21211,SAPIG2108,1,0
R00686,20204,SAPIG0193,1,0
R03066,30890,SAPIG0580,2,0
R01283,14504,SAPIG0526,1,0
R01283,14504,SAPIG2176,2,0
R03231,16864,SAPIG2479,2,0
R01514,23519,SAPIG2484,1,0
R02240,10275,SAPIG1991,2,0
R01090,18324,SAPIG0629,1,0
R02003,19364,SAPIG1587,1,0
R01529,13680,SAPIG1221,1,0
R04741,31182,SAPIG0242,1,0
R04035,22831,SAPIG2723,1,0
R04544,39159,SAPIG2141,1,0
R04544,41908,SAPIG2141,1,0
R10468,37042,SAPIG0179,2,0
R10468,37042,SAPIG1132,2,0
R01562,27901,SAPIG0159,1,0
R01969,27741,SAPIG0150,6,0
R01969,27741,SAPIG1184,2,0
R01969,27741,SAPIG2180,6,0
R02439,22075,SAPIG0627,1,0
R00771,11819,SAPIG0945,1,0
R00291,22171,SAPIG0167,1,0
R03240,13036,SAPIG2254,1,1
R03240,13036,SAPIG2255,1,1
R04445,24946,SAPIG2605,1,0
R04970,36143,SAPIG1006,4,0
R04970,41912,SAPIG1006,4,0
R02630,49235,SAPIG2691,1,0
R01230,18304,SAPIG0468,2,0
R02024,28041,SAPIG0808,2,1
R02024,28041,SAPIG0809,2,1
R01132,17976,SAPIG0576,1,0
R02098,30658,SAPIG0548,1,0
R00230,19524,SAPIG0662,1,0
R01775,15764,SAPIG1330,1,0
R00694,25155,SAPIG0801,2,0
R00694,25155,SAPIG2728,2,0
R12934,15805,SAPIG2480,2,0
R11074,46279,SAPIG0847,2,0
R11074,46279,SAPIG1755,1,0
R07599,13457,SAPIG1583,2,1
R07599,13457,SAPIG1582,2,1
R03005,22863,SAPIG1659,1,0
R00996,22111,SAPIG1437,2,0
R00996,22111,SAPIG2100,4,0
R04509,19896,SAPIG2136,1,0
R02749,27661,SAPIG0153,1,0
R03209,14784,SAPIG2476,2,0
R02914,13104,SAPIG2383,1,0
R00842,11095,SAPIG1472,1,0
R00390,15424,SAPIG0244,1,0
R00066,20775,SAPIG1821,3,0
R04739,31170,SAPIG0242,1,0
R02770,23935,SAPIG0331,1,0
R01528,10119,SAPIG1576,2,0
R02556,28193,SAPIG0481,1,0
R02556,28193,SAPIG1184,2,0
R00660,18684,SAPIG2142,1,0
R00660,18684,SAPIG2166,1,0
R01466,10843,SAPIG1331,1,0
R09736,42643,SAPIG1469,1,0
R09736,42643,SAPIG1469,1,0
R01082,12463,SAPIG1917,4,0
R07381,36226,SAPIG2059,1,0
R04968,41903,SAPIG0980,1,0
R07274,10255,SAPIG0579,2,0
R02019,28033,SAPIG0808,2,1
R02019,28033,SAPIG0809,2,1
R07762,41916,SAPIG0980,1,0
R01231,11683,SAPIG0468,2,0
R01666,46043,SAPIG0631,2,0
R04880,31150,SAPIG0162,20,0
R04880,31150,SAPIG0686,1,0
R05133,28513,SAPIG0280,1,0
R00182,20132,SAPIG0758,2,0
R04534,45840,SAPIG1230,4,0
R04534,41856,SAPIG1230,4,0
R01226,11827,SAPIG2647,10,0
R02738,33370,SAPIG0207,1,0
R02738,33370,SAPIG0254,1,0
R02738,33370,SAPIG0279,1,0
R03471,23099,SAPIG2136,1,0
R04198,35326,SAPIG1397,1,0
R00299,17828,SAPIG1612,1,0
R04325,15056,SAPIG1070,1,0
R09497,56147,SAPIG2447,1,0
R09497,56147,SAPIG2449,1,0
R09497,56147,SAPIG2450,1,0
R00734,15096,SAPIG0801,2,0
R00734,15096,SAPIG2728,2,0
R01560,24411,SAPIG0481,1,0
R01560,24411,SAPIG1184,2,0
R00489,19500,SAPIG2645,4,0
R04535,41863,SAPIG2141,1,0
R01404,22567,SAPIG1006,4,0
R01404,10240,SAPIG1006,4,0
R04444,31158,SAPIG2605,1,0
R11382,49003,SAPIG2356,1,0
R01715,13900,SAPIG1790,1,0
R04742,31186,SAPIG0241,1,0
R04742,31186,SAPIG1581,24,0
R02272,14268,SAPIG1722,2,0
R02272,14268,SAPIG1957,2,0
R12852,12697,SAPIG1207,1,0
R01771,13988,SAPIG1332,1,0
R08232,63916,SAPIG1675,1,0
R00702,22675,SAPIG2613,1,0
R05134,33130,SAPIG0280,1,0
R00086,15184,SAPIG2145,5,0
R00086,13068,SAPIG2145,5,0
R00086,20855,SAPIG2145,5,0
R00086,20624,SAPIG2145,5,0
R00086,14676,SAPIG2145,5,0
R00086,14736,SAPIG2145,5,0
R00086,15184,SAPIG2147,3,0
R00086,13068,SAPIG2147,3,0
R00086,20855,SAPIG2147,3,0
R00086,20624,SAPIG2147,3,0
R00086,14676,SAPIG2147,3,0
R00086,14736,SAPIG2147,3,0
R00348,59415,SAPIG2071,1,0
R01826,14720,SAPIG1790,1,0
R07605,13412,SAPIG0805,1,0
R00768,13240,SAPIG2209,2,0
R01397,20016,SAPIG1197,1,0
R04903,31218,SAPIG0181,1,0
R04903,31218,SAPIG2164,1,0
R04591,22631,SAPIG1064,1,0
R02300,34767,SAPIG1602,4,0
R00177,21083,SAPIG1725,1,0
R00177,21083,SAPIG1838,4,0
R00228,23291,SAPIG0162,20,0
R00551,20572,SAPIG2219,1,0
R00900,12613,SAPIG0840,2,0
R01086,24023,SAPIG0943,1,0
R05145,59735,SAPIG1456,1,0
R03197,19868,SAPIG1899,2,0
R10757,33211,SAPIG1039,1,0
R10757,26478,SAPIG1039,1,0
R01224,19820,SAPIG0437,1,0
R11894,25098,SAPIG1467,3,0
R08233,19129,SAPIG2161,3,0
R00216,18256,SAPIG1755,1,0
R00217,15644,SAPIG1755,1,0
R02921,12459,SAPIG0268,1,1
R02921,12459,SAPIG0263,1,1
R03084,21099,SAPIG0883,2,0
R01968,29382,SAPIG0025,2,0
R01968,29382,SAPIG0159,1,0
R01968,29382,SAPIG1104,1,0
R01933,30798,SAPIG1415,2,0
R01933,30798,SAPIG1093,2,0
R01933,30798,SAPIG1584,2,0
R01933,30798,SAPIG1414,24,0
R04779,16109,SAPIG1752,4,0
R06590,10508,SAPIG1344,2,0
R03425,24307,SAPIG1600,1,1
R03425,24307,SAPIG1601,1,1
R02687,35663,SAPIG0333,1,0
R02687,35663,SAPIG2721,1,0
R00420,17216,SAPIG0169,2,0
R00420,17216,SAPIG0178,1,0
R00420,17216,SAPIG2153,1,0
R07891,21564,SAPIG0241,1,0
R07404,19320,SAPIG1063,2,0
R02570,15216,SAPIG1414,24,0
R03991,18164,SAPIG0241,1,0
R03991,18164,SAPIG1581,24,0
R01652,25081,SAPIG2097,2,0
R01248,14108,SAPIG1569,1,0
R01187,30742,SAPIG1104,1,0
R01168,21235,SAPIG0008,1,0
R04208,23035,SAPIG1069,1,0
R08220,21164,SAPIG0858,2,0
R04425,17944,SAPIG1352,1,0
R00344,20847,SAPIG1111,4,0
R00256,15892,SAPIG1984,1,1
R00256,15892,SAPIG1985,1,1
R00256,15892,SAPIG0594,1,2
R00256,15892,SAPIG0595,1,2
R00256,15892,SAPIG0468,2,0
R00256,15892,SAPIG1200,1,3
R00256,15892,SAPIG1199,1,3
R00256,15892,SAPIG0791,1,0
R00256,15892,SAPIG1066,1,0
R00256,15892,SAPIG2169,4,0
R00256,15892,SAPIG2726,1,4
R00256,15892,SAPIG2724,1,4
R00256,15892,SAPIG0537,1,5
R00256,15892,SAPIG0538,1,5
R04441,24812,SAPIG2092,2,0
R03210,42291,SAPIG2477,2,0
R03210,20715,SAPIG2477,2,0
R01066,12824,SAPIG0152,1,0
R01066,12824,SAPIG2179,1,0
R02142,10803,SAPIG0576,1,0
R02142,10803,SAPIG0465,2,0
R01717,18988,SAPIG1040,1,0
R02320,56963,SAPIG1751,1,0
R04745,31198,SAPIG0242,1,0
R01967,19204,SAPIG0632,2,0
R02148,27865,SAPIG0159,1,0
R00425,23707,SAPIG1820,1,0
R00425,23707,SAPIG1820,1,0
R02147,13236,SAPIG0150,6,0
R02147,13236,SAPIG1184,2,0
R02147,13236,SAPIG2180,6,0
R01569,11083,SAPIG0025,2,0
R01569,11083,SAPIG0159,1,0
R01569,11083,SAPIG1104,1,0
R02404,38283,SAPIG1245,2,1
R02404,38283,SAPIG1246,2,1
R01001,14008,SAPIG0526,1,0
R00943,20224,SAPIG1784,1,0
R00194,17808,SAPIG1664,1,0
R00189,21191,SAPIG2007,2,0
R03947,15616,SAPIG2667,2,0
R12507,30391,SAPIG2611,1,0
R01625,12071,SAPIG2112,1,0
R00966,13020,SAPIG1195,8,1
R00966,13020,SAPIG2154,1,1
R05578,23543,SAPIG0603,1,0
R01056,14660,SAPIG2388,2,0
R01402,11855,SAPIG1184,2,0
R01127,18448,SAPIG1071,1,0
R03504,10543,SAPIG0581,8,0
R08231,10380,SAPIG1202,2,0
R02102,29358,SAPIG0025,2,0
R02102,29358,SAPIG0159,1,0
R02102,29358,SAPIG1104,1,0
R00964,16828,SAPIG1675,1,0
R05071,31258,SAPIG2095,1,0
R00691,12539,SAPIG2010,2,0
R00517,28165,SAPIG1675,1,0
R06917,25290,SAPIG0162,20,0
R06917,25290,SAPIG0686,1,0
R04537,41847,SAPIG2141,1,0
R03346,30938,SAPIG0025,2,0
R03346,30938,SAPIG0159,1,0
R03346,30938,SAPIG1104,1,0
R01257,30095,SAPIG2418,1,0
R01257,30095,SAPIG2655,1,0
R01714,21023,SAPIG1466,4,0
R01279,30750,SAPIG0243,4,0
R00418,20520,SAPIG0167,1,0
R10633,43636,SAPIG2257,1,0
R12308,59124,SAPIG0132,1,0
R12308,59124,SAPIG0132,2,0
R00396,18408,SAPIG1438,1,0
R00396,18408,SAPIG1762,1,0
R00573,26429,SAPIG2169,4,0
R03223,22331,SAPIG2134,1,0
R01786,36495,SAPIG1612,1,0
R11319,69180,SAPIG2282,1,0
R03537,27889,SAPIG0159,1,0
R03537,27889,SAPIG1290,2,0
R03968,16296,SAPIG2099,1,1
R03968,16296,SAPIG2098,1,1
R01354,20373,SAPIG1785,1,0
R01626,41795,SAPIG1229,1,0
R02549,19108,SAPIG0181,1,0
R02549,19108,SAPIG2164,1,0
R04199,35334,SAPIG1397,1,0
R02017,28037,SAPIG0808,2,1
R02017,28037,SAPIG0809,2,1
R02052,78954,SAPIG2059,1,0
R00183,29378,SAPIG0025,2,0
R00183,29378,SAPIG0159,1,0
R00183,29378,SAPIG1104,1,0
R04956,52576,SAPIG1006,4,0
R04956,41832,SAPIG1006,4,0
R00994,32718,SAPIG2097,2,0
R07934,38959,SAPIG0243,4,0
R04125,16948,SAPIG1602,4,0
R01163,33806,SAPIG2729,1,0
R09978,27982,SAPIG0789,2,0
R02750,30874,SAPIG1802,1,0
R02750,30874,SAPIG0283,1,0
R02720,28613,SAPIG1147,2,0
R04111,49303,SAPIG2374,1,0
R11633,51627,SAPIG2664,2,0
R00658,10167,SAPIG0855,2,0
R09395,26333,SAPIG2322,2,0
R00586,24563,SAPIG0604,1,0
R04965,41879,SAPIG2141,1,0
R05069,25407,SAPIG2095,1,0
R01896,20436,SAPIG0260,4,0
R00513,24677,SAPIG1675,1,0
R10305,32746,SAPIG0525,1,0
R02059,22939,SAPIG0778,2,0
R00485,21019,SAPIG2071,1,0
R08558,33051,SAPIG0162,20,0
R08558,33051,SAPIG0686,1,0
R02557,27745,SAPIG0150,6,0
R02557,27745,SAPIG1184,2,0
R02557,27745,SAPIG2180,6,0
R01737,19436,SAPIG2556,1,0
R03459,21871,SAPIG1822,1,0
R03459,21871,SAPIG1822,1,0
R02948,21583,SAPIG2267,1,0
R02948,21583,SAPIG2649,1,0
R02288,23663,SAPIG2382,1,0
R04457,26155,SAPIG1819,60,0
R01185,27673,SAPIG1104,1,0
R00405,17664,SAPIG1245,2,1
R00405,17664,SAPIG1246,2,1
R01353,23151,SAPIG1764,2,0
R12311,59128,SAPIG0133,1,0
R12311,59128,SAPIG0133,2,0
R00667,25163,SAPIG0200,1,0
R00667,25163,SAPIG0940,1,0
R02566,30070,SAPIG2659,1,0
R02566,30070,SAPIG2660,2,0
R05238,25294,SAPIG0181,1,0
R05238,25294,SAPIG2164,1,0
R01057,18796,SAPIG0153,1,0
R00847,21647,SAPIG1302,4,0
R00847,21647,SAPIG1302,2,0
R02484,22827,SAPIG2178,2,0
R03269,16796,SAPIG1209,1,0
R00945,15484,SAPIG2155,2,0
R00331,18116,SAPIG1467,4,0
R06941,34854,SAPIG0242,1,0
R00904,30698,SAPIG0181,1,0
R00904,30698,SAPIG2164,1,0
R07405,13196,SAPIG1062,1,0
R02568,30854,SAPIG2167,1,0
R02568,30854,SAPIG2654,1,0
R00104,18632,SAPIG1002,1,0
R02296,52540,SAPIG2178,2,0
R02133,17512,SAPIG2137,4,0
R01570,16040,SAPIG2178,2,0
R09247,27797,SAPIG1468,1,0
R01518,15904,SAPIG2467,1,0
R01518,15904,SAPIG0854,1,0
R00708,24885,SAPIG2605,1,0
R00816,17340,SAPIG2574,1,0
R02408,24930,SAPIG0526,1,0
R02408,24930,SAPIG0438,4,0
R00264,11299,SAPIG0181,1,0
R00264,11299,SAPIG2164,1,0
R00672,11587,SAPIG2238,2,0
R00158,24403,SAPIG1260,6,0
R00549,14360,SAPIG1274,1,0
R01000,36374,SAPIG0252,4,0
R01000,36374,SAPIG2650,4,0
R04568,41895,SAPIG2141,1,0
R02569,17020,SAPIG1092,24,0
R00789,24635,SAPIG2453,2,0
R11325,40530,SAPIG1083,1,0
R11325,40530,SAPIG1084,1,0
R04439,22071,SAPIG2095,1,0
R03508,23479,SAPIG0790,2,0
R03508,23479,SAPIG1371,1,0
R01074,31118,SAPIG1456,1,0
R00131,20560,SAPIG2339,1,1
R00131,20560,SAPIG2340,1,1
R00131,20560,SAPIG2338,1,1
R01122,26485,SAPIG1305,1,0
R03256,42407,SAPIG2249,1,0
R03530,30942,SAPIG1467,4,0
R00036,24067,SAPIG1723,8,0
R01799,16232,SAPIG1263,1,0
R02291,24287,SAPIG1395,2,0
R01025,17436,SAPIG2659,1,0
R01547,23103,SAPIG2282,1,0
R08639,23536,SAPIG2547,1,0
R00512,11603,SAPIG1476,1,0
R04737,31162,SAPIG0242,1,0
R04031,10199,SAPIG1842,1,0
R00429,22091,SAPIG1001,4,0
R00429,22091,SAPIG1697,1,0
R00429,22091,SAPIG2559,4,0
R04355,22836,SAPIG0980,1,0
R00897,14832,SAPIG0579,2,0
R00717,18232,SAPIG0913,2,0
R00717,18232,SAPIG1955,2,0
R01664,29366,SAPIG0025,2,0
R01664,29366,SAPIG0159,1,0
R01664,29366,SAPIG1104,1,0
R02689,17288,SAPIG1013,1,0
R01975,30802,SAPIG0242,1,0
R03255,24571,SAPIG2249,1,0
R01513,12644,SAPIG1776,1,0
R04748,31146,SAPIG0242,1,0
R11945,29094,SAPIG0518,1,0
R02124,21287,SAPIG0162,20,0
R02124,21287,SAPIG0686,1,0
R04962,44960,SAPIG1006,4,0
R04962,41864,SAPIG1006,4,0
R00704,16372,SAPIG2576,1,0
R00704,16372,SAPIG2610,1,0
R07953,39147,SAPIG0241,1,0
R01051,13700,SAPIG0283,2,0
R01051,13700,SAPIG1802,1,0
R00787,24631,SAPIG2453,2,0
R01286,13968,SAPIG0438,4,0
R04963,41871,SAPIG0980,1,0
R02780,33374,SAPIG0540,1,0
R01229,25427,SAPIG0576,1,0
R01229,25427,SAPIG0465,2,0
R04964,45848,SAPIG1230,4,0
R04964,41872,SAPIG1230,4,0
R00294,30214,SAPIG0277,1,0
R00294,10991,SAPIG0277,1,0
R10147,34174,SAPIG1396,2,0
R02662,18868,SAPIG1581,24,0
R03990,28361,SAPIG0243,4,0
R05135,27861,SAPIG0159,1,0
R05135,27861,SAPIG1290,2,0
R12312,59132,SAPIG0129,1,0
R12312,59132,SAPIG0129,2,0
R07263,26565,SAPIG1043,1,0
R00200,18160,SAPIG1751,1,0
R00130,18248,SAPIG1742,1,0
R03364,17096,SAPIG0113,1,0
R02736,15841,SAPIG1571,1,0
R00968,27653,SAPIG1675,1,0
R11655,51931,SAPIG0128,2,0
R07770,12916,SAPIG0408,1,0
R07770,12916,SAPIG1025,1,0
R02088,29374,SAPIG0025,2,0
R02088,29374,SAPIG0159,1,0
R02088,29374,SAPIG1104,1,0
R01134,17188,SAPIG1339,1,0
R03538,27881,SAPIG0159,1,0
R03538,27881,SAPIG1290,2,0
R01857,27693,SAPIG1467,4,0
R02326,27681,SAPIG1467,4,0
R01773,15760,SAPIG1330,1,0
R02237,23587,SAPIG1717,1,0
R08165,25596,SAPIG1041,2,0
R00330,27689,SAPIG1467,4,0
R03243,23747,SAPIG0801,2,0
R03243,23747,SAPIG2728,2,0
R07937,39131,SAPIG0241,1,0
R00508,77642,SAPIG1757,4,0
R01512,14804,SAPIG0852,1,0
R04560,22195,SAPIG1071,1,0
R05050,31234,SAPIG0181,1,0
R05050,31234,SAPIG2164,1,0
R04463,17132,SAPIG1066,1,1
R04463,17132,SAPIG1067,1,1
R01070,14729,SAPIG2167,1,0
R01070,14729,SAPIG2654,1,0
R02565,15308,SAPIG2659,1,0
R02565,15308,SAPIG2660,2,0
R00722,30350,SAPIG1467,4,0
R02199,24804,SAPIG0629,1,0
R04960,41855,SAPIG0980,1,0
R00341,18620,SAPIG1839,1,0
R01137,27677,SAPIG1467,4,0
R01012,18384,SAPIG0728,2,0
R01012,18384,SAPIG0729,2,0
R01718,68867,SAPIG1573,1,0
R07281,18460,SAPIG1820,1,0
R00289,19892,SAPIG2549,1,0
R00720,29402,SAPIG1147,2,0
R04954,41811,SAPIG2141,1,0
R04954,41831,SAPIG2141,1,0
R02670,30275,SAPIG1336,2,0
R12433,49288,SAPIG0408,1,0
R12433,49288,SAPIG1025,1,0
R02851,37587,SAPIG1803,2,0
R12425,20213,SAPIG0663,1,0
R03858,31094,SAPIG0241,1,0
R03858,31094,SAPIG1581,24,0
R00844,11099,SAPIG1472,1,0
R04566,78667,SAPIG1230,4,0
R04566,41888,SAPIG1230,4,0
R04751,31210,SAPIG0243,4,0
R00236,23176,SAPIG1785,1,0
R02094,13520,SAPIG0548,1,0
R08550,15048,SAPIG1093,2,0
R08550,15048,SAPIG1584,2,0
R07459,43347,SAPIG2327,2,0
R03194,32462,SAPIG2451,1,0
R01196,12768,SAPIG1292,1,1
R01196,44143,SAPIG1292,1,1
R01196,12768,SAPIG1291,1,1
R01196,44143,SAPIG1291,1,1
R10002,27974,SAPIG0787,2,0
R01830,27629,SAPIG1344,2,0
R03332,43484,SAPIG2059,1,0
R03332,43484,SAPIG0113,1,0
R01186,30738,SAPIG1104,1,0
R04952,41823,SAPIG0980,1,0
R04952,42251,SAPIG0980,1,0
R01054,10415,SAPIG1565,1,0
R00480,23779,SAPIG1329,1,0
R00480,23779,SAPIG1394,1,0
R00519,15988,SAPIG0191,2,0
R00519,15988,SAPIG2360,1,0
R08648,27657,SAPIG2268,1,1
R08648,27657,SAPIG2268,1,1
R08648,27657,SAPIG2093,1,1
R08648,27657,SAPIG2268,1,0
R08648,27657,SAPIG2268,1,0
R01811,23299,SAPIG0328,4,0
R01724,36166,SAPIG2008,1,0
R01954,10935,SAPIG0944,4,0
R02101,12107,SAPIG1428,2,0
R01700,12188,SAPIG1415,2,0
R00248,11615,SAPIG0537,1,1
R00248,11615,SAPIG0538,1,1
R01993,24299,SAPIG1198,1,0
R07763,39151,SAPIG1230,4,0
R07763,41920,SAPIG1230,4,0
R01978,10191,SAPIG2596,2,0
R02081,14836,SAPIG2595,4,0
R00139,25237,SAPIG1467,4,0
R00590,40666,SAPIG2581,1,1
R00590,40666,SAPIG2582,1,1
R05305,11171,SAPIG0242,1,0
R11383,49007,SAPIG2356,1,0
R07950,39135,SAPIG0243,4,0
R04203,13284,SAPIG0242,1,0
R07145,10163,SAPIG0260,4,0
R02099,28209,SAPIG2161,2,0
R11635,51631,SAPIG2664,4,0
R00650,21823,SAPIG0437,1,0
R05286,30050,SAPIG0181,1,0
R05286,30050,SAPIG2164,1,0
R09793,31554,SAPIG2613,1,0
R03191,12248,SAPIG0814,1,0
R05571,28109,SAPIG0262,1,0
R01078,22063,SAPIG2478,2,0
R01073,11771,SAPIG1370,2,0
R01061,10303,SAPIG0851,4,0
R01061,10303,SAPIG1741,4,0
R01526,17604,SAPIG0627,1,0
R02485,13436,SAPIG1633,1,0
R12552,30835,SAPIG0168,2,0
R11712,52331,SAPIG2009,2,0
R04037,20049,SAPIG2723,1,0
R02767,17400,SAPIG1230,4,0
R05168,18152,SAPIG0778,2,0
R01015,18588,SAPIG0853,2,0
R04967,44968,SAPIG1006,4,0
R04967,41896,SAPIG1006,4,0
R03035,19804,SAPIG1121,6,0
R09030,28433,SAPIG2388,2,0
R07461,48612,SAPIG1768,1,0
R01123,23287,SAPIG2398,8,0
R01878,16072,SAPIG1633,1,0
R02722,10535,SAPIG1373,2,1
R02722,10535,SAPIG1374,2,1
R04326,31134,SAPIG1070,1,0
R00084,13188,SAPIG1725,1,0
R03012,33802,SAPIG2729,1,0
R01312,10607,SAPIG2059,1,0
R00361,46015,SAPIG2418,1,0
R00361,46015,SAPIG2655,1,0
R01253,23787,SAPIG1818,1,0
R01069,22951,SAPIG2252,1,0
R12427,17665,SAPIG1598,1,0
R04065,31062,SAPIG0181,1,0
R04065,31062,SAPIG2164,1,0
R01154,25184,SAPIG2423,1,0
R02027,78970,SAPIG2059,1,0
R02027,32927,SAPIG2059,1,0
R00511,29370,SAPIG0025,2,0
R00511,29370,SAPIG0159,1,0
R00511,29370,SAPIG1104,1,0
R03778,31090,SAPIG0241,1,0
R03778,31090,SAPIG1581,24,0
R04536,45844,SAPIG1230,4,0
R10516,42319,SAPIG1292,1,1
R10516,42319,SAPIG1291,1,1
R00848,31286,SAPIG1303,1,0
R03236,12423,SAPIG2253,1,0
R01561,27645,SAPIG0150,6,0
R01561,27645,SAPIG1184,2,0
R01561,27645,SAPIG2180,6,0
R00351,16848,SAPIG1749,2,0
R02093,27685,SAPIG1467,4,0
R04426,10895,SAPIG2097,2,0
R02340,14084,SAPIG1373,2,1
R02340,14084,SAPIG1374,2,1
R03232,49255,SAPIG0777,1,0
R02260,21748,SAPIG1836,1,0
R02739,16252,SAPIG0945,1,0
R00310,22587,SAPIG0425,1,0
R00829,19484,SAPIG0241,1,0
R04959,44952,SAPIG1006,4,0
R04959,41848,SAPIG1006,4,0
R01220,22815,SAPIG1071,1,0
R04178,43439,SAPIG1112,1,0
R02235,31103,SAPIG1427,1,0
R01172,22971,SAPIG0162,20,0
R11713,52335,SAPIG2009,2,0
R04953,45828,SAPIG1230,4,0
R04953,41824,SAPIG1230,4,0
R04953,41840,SAPIG1230,4,0
R05338,25204,SAPIG0645,1,0
R02060,23427,SAPIG2216,1,0
R04640,15472,SAPIG2725,1,0
R09394,49579,SAPIG2319,1,0
R01325,10231,SAPIG1352,1,0
R00538,16188,SAPIG0181,1,0
R00538,16188,SAPIG2164,1,0
R04972,31242,SAPIG1899,2,0
R04726,41887,SAPIG0980,1,0
R04754,28357,SAPIG0243,4,0
R04725,44964,SAPIG1006,4,0
R04725,41880,SAPIG1006,4,0
R00858,13804,SAPIG2668,8,0
R01373,21651,SAPIG2010,2,0
R01421,14965,SAPIG1406,1,0
R00963,29362,SAPIG0025,2,0
R00963,29362,SAPIG0159,1,0
R00963,29362,SAPIG1104,1,0
R02190,11003,SAPIG0629,1,0
R00965,11599,SAPIG1201,2,0
R00352,21163,SAPIG1245,4,1
R00352,21163,SAPIG1246,4,1
R03503,11415,SAPIG0582,1,0
R04030,17012,SAPIG1844,1,0
R00315,11355,SAPIG1764,2,0
R04957,41839,SAPIG0980,1,0
R03460,21259,SAPIG1464,1,0
R07460,17460,SAPIG0899,1,0
R07460,17460,SAPIG1686,1,0
R07460,17460,SAPIG1769,1,0
R01665,25097,SAPIG1476,1,0
R04109,12347,SAPIG1727,2,0
R05339,25903,SAPIG0646,4,0
R02135,47951,SAPIG2676,1,0
R00631,49835,SAPIG0181,1,0
R00631,49835,SAPIG0199,1,0
R00631,49835,SAPIG2164,1,0
R01227,27717,SAPIG0025,2,0
R01227,27717,SAPIG0159,1,0
R01227,27717,SAPIG1104,1,0
R04391,16373,SAPIG2172,2,0
R05332,13728,SAPIG0565,3,0
R01655,23703,SAPIG1061,2,0
R00332,20783,SAPIG1207,1,0
R05068,13493,SAPIG2095,1,0
R01868,30190,SAPIG2639,1,0
R01868,18076,SAPIG2639,1,0
R04620,25306,SAPIG2676,1,0
R01030,16064,SAPIG0040,1,0
R01030,16064,SAPIG0942,1,0
R01030,16064,SAPIG1773,1,0
R02678,30870,SAPIG0181,1,0
R02678,30870,SAPIG2164,1,0
R00238,21039,SAPIG0434,1,0
R04231,19400,SAPIG1209,1,0
R07343,24059,SAPIG1104,1,0
R03067,19952,SAPIG0580,2,0
R00674,26437,SAPIG1373,2,1
R00674,26437,SAPIG1374,2,1
R04364,13088,SAPIG1398,1,0
R00127,12976,SAPIG2282,1,0
R07411,28073,SAPIG1113,1,0
R04440,31142,SAPIG2095,1,0
R07168,19824,SAPIG0437,1,0
R02719,28533,SAPIG0025,2,0
R02719,28533,SAPIG0159,1,0
R02719,28533,SAPIG1104,1,0
R01324,10339,SAPIG1352,1,0
R07280,25200,SAPIG0634,1,0
R07280,25200,SAPIG0971,1,0
R00985,21732,SAPIG1368,2,1
R00985,21732,SAPIG1369,2,1
R00985,21732,SAPIG0790,2,0
R01752,30786,SAPIG0181,1,0
R01752,30786,SAPIG2164,1,0
R01801,12596,SAPIG1285,1,0
R01801,12596,SAPIG1285,1,0
R02748,27753,SAPIG0150,6,0
R02748,27753,SAPIG1184,2,0
R02748,27753,SAPIG2180,6,0
R02472,16236,SAPIG2495,1,0
R02472,16236,SAPIG2648,1,0
R01525,19924,SAPIG0269,1,1
R01525,19924,SAPIG0264,1,1
R03024,21667,SAPIG2676,1,0
R02971,22475,SAPIG2172,2,0
R02285,22495,SAPIG2385,1,0
R00190,16612,SAPIG1698,2,0
R00707,16420,SAPIG2605,1,0
R02089,23455,SAPIG0631,2,0
R12353,59139,SAPIG2241,1,0
R03458,17848,SAPIG1822,1,0
R08146,24219,SAPIG0181,1,0
R08146,24219,SAPIG2164,1,0
R04559,23923,SAPIG2002,4,0
R01716,11675,SAPIG0791,1,0
R10712,47851,SAPIG2134,1,0
R00137,21363,SAPIG1659,1,0
R03457,11043,SAPIG2727,1,0
R04617,28377,SAPIG2123,1,0
R00150,10155,SAPIG1164,1,0
R00150,10155,SAPIG2682,1,0
R03531,28345,SAPIG1147,2,0
R03283,17988,SAPIG0181,1,0
R03283,17988,SAPIG2164,1,0
R01728,13872,SAPIG1366,1,0
R11329,49575,SAPIG1898,1,0
R04780,11064,SAPIG2568,1,0
R01121,23735,SAPIG0665,2,0
R00772,12359,SAPIG2692,1,0
R00009,20312,SAPIG1336,2,0
R08240,11708,SAPIG0467,3,0
R01175,30734,SAPIG0243,4,0
R01900,22147,SAPIG1352,1,0
R11634,51619,SAPIG2664,2,0
R00571,16600,SAPIG2169,4,0
R00269,32966,SAPIG2071,1,0
R04377,39034,SAPIG1013,1,0
R00624,10743,SAPIG0686,1,0
R00624,10743,SAPIG0162,20,0
R00921,28049,SAPIG0662,1,0
R00226,25252,SAPIG2268,1,1
R00226,25252,SAPIG2093,1,1
R00839,10775,SAPIG0280,1,0
R00927,30722,SAPIG0241,1,0
R00927,30722,SAPIG0434,1,0
R00703,23447,SAPIG0252,4,0
R00703,23447,SAPIG2650,4,0
R00856,13364,SAPIG0720,4,0
R00856,13364,SAPIG0720,2,0
R03083,21971,SAPIG1465,1,0
R12354,59143,SAPIG2239,1,0
R01401,13620,SAPIG1664,1,0
R01214,24816,SAPIG0629,1,0
R10117,13097,SAPIG2141,1,0
R12241,34075,SAPIG1355,1,0
R03940,24383,SAPIG1215,1,0
R02412,13124,SAPIG1603,1,0
R03245,16344,SAPIG0666,2,0
R10052,32274,SAPIG2097,2,0
R00220,19172,SAPIG2581,1,1
R00220,19172,SAPIG2582,1,1
R00220,19172,SAPIG2100,4,0
R00220,19172,SAPIG1437,2,0
R00451,15104,SAPIG1401,2,0
R04393,42403,SAPIG2250,1,0
R00414,30686,SAPIG0169,2,0
R00414,30686,SAPIG0178,1,0
R00414,30686,SAPIG2153,1,0
R00245,30238,SAPIG2605,1,0
R00875,33034,SAPIG0260,4,0
R12309,59120,SAPIG0135,2,0
R01071,18476,SAPIG2730,1,0
R00801,33795,SAPIG2078,1,0
R00801,33795,SAPIG1573,1,0
R00161,17240,SAPIG1274,1,0
R12344,59112,SAPIG0136,2,0
R12344,59112,SAPIG0136,4,0
R00939,15012,SAPIG1427,1,0
R05051,31246,SAPIG2605,1,0
R01135,15756,SAPIG0017,2,0
R03509,21543,SAPIG1372,1,0
R00416,13512,SAPIG0565,3,0
R05233,10736,SAPIG0162,20,0
R05233,10736,SAPIG0686,1,0
R06728,27509,SAPIG0858,2,0
R03898,42424,SAPIG2099,1,1
R03898,42424,SAPIG2098,1,1
R08572,27377,SAPIG0818,2,0
R00259,24292,SAPIG2723,1,0
R09492,30262,SAPIG1055,1,0
R09492,30262,SAPIG1056,1,0
R09492,30262,SAPIG1057,1,0
R10619,28675,SAPIG2391,1,0
R01197,17297,SAPIG1291,1,1
R01197,17297,SAPIG1292,1,1
R02733,20408,SAPIG1399,1,0
R01602,10264,SAPIG2391,1,0,
R02788,23676,SAPIG1985,1,1
R02788,23676,SAPIG1014,1,0
R04475,11960,SAPIG0200,1,0
R02035,12559,SAPIG2016,2,0
R01663,22927,SAPIG1654,6,0
R04467,25318,SAPIG1047,2,0
R02649,14629,SAPIG0196,2,0
R03443,21588,SAPIG0199,1,0
R00928,23523,SAPIG0245,1,0
R09796,27757,SAPIG0626,2,0
R01736,25248,SAPIG0060,1,0
R01736,25248,SAPIG0061,1,0
R01736,25248,SAPIG1610,1,0
R00908,30702,SAPIG2652,1,0
R03707,12187,SAPIG0140,1,0
R01648,23355,SAPIG2652,1,0
R03896,22335,SAPIG2098,1,1
R03896,22335,SAPIG2099,1,1
R01288,27829,SAPIG0439,3,0
R07177,10939,SAPIG0784,2,1
R00025,26461,SAPIG0904,2,0
R04429,52572,SAPIG1006,4,0
R04953,41824,SAPIG1282,1,0
R04953,41840,SAPIG1282,1,0
R04958,41528,SAPIG1006,4,0
R04534,41856,SAPIG1282,1,0
R04961,54936,SAPIG1006,4,0
R04964,41872,SAPIG1282,1,0
R04566,41888,SAPIG1282,1,0
R04543,41904,SAPIG1282,1,0
R04969,54900,SAPIG1006,4,0
R07763,41920,SAPIG1282,1,0
R07765,41928,SAPIG1006,4,0
R02283,18049,SAPIG0200,1,0
R02282,15349,SAPIG0197,1,0
R02282,15349,SAPIG0198,1,0
R01398,19513,SAPIG1163,3,0
R01398,19513,SAPIG2684,3,0
R00552,19597,SAPIG2685,1,0
R00751,19625,SAPIG1322,3,0
R06171,26209,SAPIG1322,3,0
R02487,30850,SAPIG0243,4,0
R02241,19712,SAPIG1779,1,0
R02747,44696,SAPIG1816,1,0
R02746,15180,SAPIG1816,1,0
R03416,32967,SAPIG1816,1,0
R00401,22864,SAPIG2111,2,0
R07767,16585,SAPIG0908,1,0
R03217,30934,SAPIG0439,3,0
R11063,26337,SAPIG0437,1,0
R02025,21260,SAPIG1771,1,0
R09748,30150,SAPIG0635,2,0
R10907,38215,SAPIG1571,1,0
R01677,30774,SAPIG0255,1,0
R01677,30774,SAPIG2334,1,0
