Protein,Stoichiometry,Isozyme,KEGG_ID
SAPIG0243,4,0,R03857
SAPIG0333,1,0,R02250
SAPIG2721,1,0,R02250
SAPIG2178,2,0,R01876
SAPIG1467,4,0,R02331
SAPIG0162,20,0,R08281
SAPIG0686,1,0,R08281
SAPIG1112,1,0,R07412
SAPIG0913,2,0,R01388
SAPIG1955,2,0,R01388
SAPIG0235,2,0,R06987
SAPIG0127,2,0,R11705
SAPIG0235,2,0,R00212
SAPIG1068,1,0,R01072
SAPIG1091,1,1,R03270
SAPIG1090,1,1,R03270
SAPIG1658,2,0,R00125
SAPIG2547,1,0,R00959
SAPIG1569,1,0,R03293
SAPIG1202,2,0,R01870
SAPIG0979,2,0,R10707
SAPIG1311,12,0,R00253
SAPIG2176,2,0,R01291
SAPIG0205,4,0,R01974
SAPIG0641,1,0,R00428
SAPIG2574,1,0,R04089
SAPIG0025,2,0,R02323
SAPIG0159,1,0,R02323
SAPIG1104,1,0,R02323
SAPIG0566,6,0,R01049
SAPIG0576,1,0,R08245
SAPIG0438,4,0,R00782
SAPIG0526,1,0,R00782
SAPIG0941,6,0,R00243
SAPIG1406,1,0,R00539
SAPIG0012,2,0,R01776
SAPIG0661,6,0,R11522
SAPIG2646,2,0,R02473
SAPIG2062,1,0,R02734
SAPIG0159,1,0,R01877
SAPIG2726,1,1,R04558
SAPIG2724,1,1,R04558
SAPIG1200,1,1,R00575
SAPIG1199,1,1,R00575
SAPIG2141,1,0,R04428
SAPIG2002,2,0,R01083
SAPIG0140,1,0,R09078
SAPIG0262,1,0,R02413
SAPIG1661,2,0,R02413
SAPIG0181,1,0,R03869
SAPIG2164,1,0,R03869
SAPIG0561,1,0,R05634
SAPIG0644,1,0,R00765
SAPIG0537,1,1,R00114
SAPIG0538,1,1,R00114
SAPIG1752,4,0,R03238
SAPIG0776,1,0,R02071
SAPIG0177,4,0,R03317
SAPIG2099,1,1,R04001
SAPIG2098,1,1,R04001
SAPIG1164,1,0,R01395
SAPIG2682,1,0,R01395
SAPIG1200,1,1,R01395
SAPIG1199,1,1,R01395
SAPIG0150,6,0,R02297
SAPIG1184,2,0,R02297
SAPIG2180,6,0,R02297
SAPIG0788,4,0,R09959
SAPIG2214,1,0,R00758
SAPIG1569,1,0,R01251
SAPIG0243,4,0,R00388
SAPIG0242,1,0,R04743
SAPIG1698,2,0,R04378
SAPIG0181,1,0,R01986
SAPIG2164,1,0,R01986
SAPIG1230,4,0,R04543
SAPIG0242,1,0,R01778
SAPIG1748,2,0,R00267
SAPIG2320,1,0,R11581
SAPIG2546,1,0,R04858
SAPIG2092,2,0,R05070
SAPIG0159,1,0,R02370
SAPIG1144,1,1,R02164
SAPIG1145,1,1,R02164
SAPIG0629,1,0,R10991
SAPIG0581,8,0,R11073
SAPIG0808,2,1,R02018
SAPIG0809,2,1,R02018
SAPIG0541,1,0,R00837
SAPIG1785,1,0,R00926
SAPIG0150,6,0,R01863
SAPIG1184,2,0,R01863
SAPIG2180,6,0,R01863
SAPIG2210,2,0,R02704
SAPIG2211,1,0,R02704
SAPIG2161,2,0,R01567
SAPIG2325,6,0,R11372
SAPIG0040,1,0,R01470
SAPIG0942,1,0,R01470
SAPIG1773,1,0,R01470
SAPIG0244,1,0,R01280
SAPIG0159,1,0,R03929
SAPIG1290,2,0,R03929
SAPIG2135,1,0,R04448
SAPIG2077,1,0,R00760
SAPIG0193,1,0,R00491
SAPIG0641,1,0,R04639
SAPIG2664,4,0,R11636
SAPIG1427,1,0,R11765
SAPIG1228,2,0,R12240
SAPIG0331,1,0,R02087
SAPIG1222,1,0,R00619
SAPIG2096,4,0,R01213
SAPIG0325,3,0,R01055
SAPIG0241,1,0,R04747
SAPIG1581,24,0,R04747
SAPIG1072,1,0,R04144
SAPIG0434,1,0,R01177
SAPIG0241,1,0,R01177
SAPIG1581,24,0,R01177
SAPIG2137,4,0,R09993
SAPIG0209,2,0,R08555
SAPIG0641,1,0,R05048
SAPIG0025,2,0,R01126
SAPIG0159,1,0,R01126
SAPIG1104,1,0,R01126
SAPIG1042,1,0,R08166
SAPIG0243,4,0,R03777
SAPIG2324,1,0,R09735
SAPIG1415,2,0,R01940
SAPIG0641,1,0,R05046
SAPIG2108,1,0,R00582
SAPIG0193,1,0,R00686
SAPIG0580,2,0,R03066
SAPIG1230,4,0,R10116
SAPIG0168,2,0,R12553
SAPIG0526,1,0,R01283
SAPIG2176,2,0,R01283
SAPIG2479,2,0,R03231
SAPIG2484,1,0,R01514
SAPIG1785,1,0,R00235
SAPIG1991,2,0,R02240
SAPIG0629,1,0,R01090
SAPIG1598,1,0,R12428
SAPIG1587,1,0,R02003
SAPIG1221,1,0,R01529
SAPIG0242,1,0,R04741
SAPIG1633,1,0,R08221
SAPIG2723,1,0,R04035
SAPIG2141,1,0,R04544
SAPIG0179,2,0,R10468
SAPIG1132,2,0,R10468
SAPIG0159,1,0,R01562
SAPIG0150,6,0,R01969
SAPIG1184,2,0,R01969
SAPIG2180,6,0,R01969
SAPIG0627,1,0,R02439
SAPIG0945,1,0,R00771
SAPIG0167,1,0,R00291
SAPIG2254,1,1,R03240
SAPIG2255,1,1,R03240
SAPIG2605,1,0,R04445
SAPIG1006,4,0,R04970
SAPIG2691,1,0,R02630
SAPIG0243,4,0,R12356
SAPIG0468,2,0,R01230
SAPIG0162,20,0,R08310
SAPIG0686,1,0,R08310
SAPIG0808,2,1,R02024
SAPIG0809,2,1,R02024
SAPIG0980,1,0,R10119
SAPIG2141,1,0,R10121
SAPIG1467,3,0,R11895
SAPIG0576,1,0,R01132
SAPIG0548,1,0,R02098
SAPIG0662,1,0,R00230
SAPIG0241,1,0,R05506
SAPIG1330,1,0,R01775
SAPIG0801,2,0,R00694
SAPIG2728,2,0,R00694
SAPIG2480,2,0,R12934
SAPIG0847,2,0,R11074
SAPIG1755,1,0,R11074
SAPIG1581,24,0,R04097
SAPIG1583,2,1,R07599
SAPIG1582,2,1,R07599
SAPIG1659,1,0,R03005
SAPIG1437,2,0,R00996
SAPIG2100,4,0,R00996
SAPIG2136,1,0,R04509
SAPIG0153,1,0,R02749
SAPIG2476,2,0,R03209
SAPIG2383,1,0,R02914
SAPIG1472,1,0,R00842
SAPIG0244,1,0,R00390
SAPIG2002,4,0,R12851
SAPIG1821,3,0,R00066
SAPIG0242,1,0,R04739
SAPIG0331,1,0,R02770
SAPIG1576,2,0,R01528
SAPIG0481,1,0,R02556
SAPIG1184,2,0,R02556
SAPIG2142,1,0,R00660
SAPIG2166,1,0,R00660
SAPIG1331,1,0,R01466
SAPIG1469,1,0,R09736
SAPIG1917,4,0,R01082
SAPIG2059,1,0,R07381
SAPIG0980,1,0,R04968
SAPIG0579,2,0,R07274
SAPIG0808,2,1,R02019
SAPIG0809,2,1,R02019
SAPIG0980,1,0,R07762
SAPIG0468,2,0,R01231
SAPIG0631,2,0,R01666
SAPIG0162,20,0,R04880
SAPIG0686,1,0,R04880
SAPIG0181,1,0,R00710
SAPIG2164,1,0,R00710
SAPIG0280,1,0,R05133
SAPIG2020,1,0,R06363
SAPIG0758,2,0,R00182
SAPIG1230,4,0,R04534
SAPIG2647,10,0,R01226
SAPIG0646,4,0,R09780
SAPIG0207,1,0,R02738
SAPIG0254,1,0,R02738
SAPIG0279,1,0,R02738
SAPIG2136,1,0,R03471
SAPIG1397,1,0,R04198
SAPIG1612,1,0,R00299
SAPIG0908,1,0,R12423
SAPIG1070,1,0,R04325
SAPIG2447,1,0,R09497
SAPIG2449,1,0,R09497
SAPIG2450,1,0,R09497
SAPIG0801,2,0,R00734
SAPIG2728,2,0,R00734
SAPIG0481,1,0,R01560
SAPIG1184,2,0,R01560
SAPIG2645,4,0,R00489
SAPIG2141,1,0,R04535
SAPIG1006,4,0,R01404
SAPIG2605,1,0,R04444
SAPIG2172,2,0,R03018
SAPIG2356,1,0,R11382
SAPIG1790,1,0,R01715
SAPIG0241,1,0,R04742
SAPIG1581,24,0,R04742
SAPIG1722,2,0,R02272
SAPIG1957,2,0,R02272
SAPIG1207,1,0,R12852
SAPIG1332,1,0,R01771
SAPIG1675,1,0,R08232
SAPIG2613,1,0,R00702
SAPIG0280,1,0,R05134
SAPIG2145,5,0,R00086
SAPIG2147,3,0,R00086
SAPIG0243,4,0,R07892
SAPIG2071,1,0,R00348
SAPIG1790,1,0,R01826
SAPIG0805,1,0,R07605
SAPIG2209,2,0,R00768
SAPIG1197,1,0,R01397
SAPIG0181,1,0,R04903
SAPIG2164,1,0,R04903
SAPIG1064,1,0,R04591
SAPIG1602,4,0,R02300
SAPIG1725,1,0,R00177
SAPIG1838,4,0,R00177
SAPIG0162,20,0,R00228
SAPIG2219,1,0,R00551
SAPIG0840,2,0,R00900
SAPIG0943,1,0,R01086
SAPIG2574,1,0,R07795
SAPIG1456,1,0,R05145
SAPIG1899,2,0,R03197
SAPIG1039,1,0,R10757
SAPIG0437,1,0,R01224
SAPIG1467,3,0,R11894
SAPIG2161,3,0,R08233
SAPIG1755,1,0,R00216
SAPIG1755,1,0,R00217
SAPIG0268,1,1,R02921
SAPIG0263,1,1,R02921
SAPIG1406,1,0,R00317
SAPIG0883,2,0,R03084
SAPIG0025,2,0,R01968
SAPIG0159,1,0,R01968
SAPIG1104,1,0,R01968
SAPIG1415,2,0,R01933
SAPIG1093,2,0,R01933
SAPIG1584,2,0,R01933
SAPIG1414,24,0,R01933
SAPIG1752,4,0,R04779
SAPIG0241,1,0,R00391
SAPIG1581,24,0,R00391
SAPIG1344,2,0,R06590
SAPIG1600,1,1,R03425
SAPIG1601,1,1,R03425
SAPIG0333,1,0,R02687
SAPIG2721,1,0,R02687
SAPIG0169,2,0,R00420
SAPIG0178,1,0,R00420
SAPIG2153,1,0,R00420
SAPIG0241,1,0,R07891
SAPIG1063,2,0,R07404
SAPIG1414,24,0,R02570
SAPIG0242,1,0,R07890
SAPIG0241,1,0,R03991
SAPIG1581,24,0,R03991
SAPIG2097,2,0,R01652
SAPIG1569,1,0,R01248
SAPIG1104,1,0,R01187
SAPIG0008,1,0,R01168
SAPIG1069,1,0,R04208
SAPIG0162,20,0,R08306
SAPIG0686,1,0,R08306
SAPIG0858,2,0,R08220
SAPIG1352,1,0,R04425
SAPIG1111,4,0,R00344
SAPIG1093,2,0,R03815
SAPIG1584,2,0,R03815
SAPIG1984,1,1,R00256
SAPIG1985,1,1,R00256
SAPIG0594,1,2,R00256
SAPIG0595,1,2,R00256
SAPIG0468,2,0,R00256
SAPIG1200,1,3,R00256
SAPIG1199,1,3,R00256
SAPIG0791,1,0,R00256
SAPIG1066,1,0,R00256
SAPIG2169,4,0,R00256
SAPIG2726,1,4,R00256
SAPIG2724,1,4,R00256
SAPIG0537,1,5,R00256
SAPIG0538,1,5,R00256
SAPIG2092,2,0,R04441
SAPIG2477,2,0,R03210
SAPIG0152,1,0,R01066
SAPIG2179,1,0,R01066
SAPIG0576,1,0,R02142
SAPIG0465,2,0,R02142
SAPIG1040,1,0,R01717
SAPIG1751,1,0,R02320
SAPIG0242,1,0,R04745
SAPIG0632,2,0,R01967
SAPIG0159,1,0,R02148
SAPIG1820,1,0,R00425
SAPIG0162,20,0,R06927
SAPIG0686,1,0,R06927
SAPIG0150,6,0,R02147
SAPIG1184,2,0,R02147
SAPIG2180,6,0,R02147
SAPIG0025,2,0,R01569
SAPIG0159,1,0,R01569
SAPIG1104,1,0,R01569
SAPIG1245,2,1,R02404
SAPIG1246,2,1,R02404
SAPIG0526,1,0,R01001
SAPIG1784,1,0,R00943
SAPIG1664,1,0,R00194
SAPIG2007,2,0,R00189
SAPIG2667,2,0,R03947
SAPIG2611,1,0,R12507
SAPIG2112,1,0,R01625
SAPIG1195,8,1,R00966
SAPIG2154,1,1,R00966
SAPIG0603,1,0,R05578
SAPIG2388,2,0,R01056
SAPIG1184,2,0,R01402
SAPIG1071,1,0,R01127
SAPIG0581,8,0,R03504
SAPIG2078,1,0,R03635
SAPIG1202,2,0,R08231
SAPIG0025,2,0,R02102
SAPIG0159,1,0,R02102
SAPIG1104,1,0,R02102
SAPIG1675,1,0,R00964
SAPIG1230,4,0,R04533
SAPIG2095,1,0,R05071
SAPIG2010,2,0,R00691
SAPIG1675,1,0,R00517
SAPIG0162,20,0,R06917
SAPIG0686,1,0,R06917
SAPIG2141,1,0,R04537
SAPIG2077,1,0,R00867
SAPIG0025,2,0,R03346
SAPIG0159,1,0,R03346
SAPIG1104,1,0,R03346
SAPIG2418,1,0,R01257
SAPIG2655,1,0,R01257
SAPIG1466,4,0,R01714
SAPIG0243,4,0,R01279
SAPIG0167,1,0,R00418
SAPIG2257,1,0,R10633
SAPIG1467,4,0,R00570
SAPIG0132,1,0,R12308
SAPIG0132,2,0,R12308
SAPIG0241,1,0,R05586
SAPIG1438,1,0,R00396
SAPIG1762,1,0,R00396
SAPIG2169,4,0,R00573
SAPIG0980,1,0,R02768
SAPIG2134,1,0,R03223
SAPIG1612,1,0,R01786
SAPIG2282,1,0,R11319
SAPIG0808,2,0,R11893
SAPIG0809,2,0,R11893
SAPIG0159,1,0,R03537
SAPIG1290,2,0,R03537
SAPIG2099,1,1,R03968
SAPIG2098,1,1,R03968
SAPIG1427,1,0,R00937
SAPIG1785,1,0,R01354
SAPIG1229,1,0,R01626
SAPIG0181,1,0,R02549
SAPIG2164,1,0,R02549
SAPIG1397,1,0,R04199
SAPIG0808,2,1,R02017
SAPIG0809,2,1,R02017
SAPIG2059,1,0,R02052
SAPIG0025,2,0,R00183
SAPIG0159,1,0,R00183
SAPIG1104,1,0,R00183
SAPIG1006,4,0,R04956
SAPIG2097,2,0,R00994
SAPIG0243,4,0,R07934
SAPIG1602,4,0,R04125
SAPIG2729,1,0,R01163
SAPIG0789,2,0,R09978
SAPIG1802,1,0,R02750
SAPIG0283,1,0,R02750
SAPIG1147,2,0,R02720
SAPIG0162,1,0,R00754
SAPIG0686,1,0,R00754
SAPIG2374,1,0,R04111
SAPIG2664,2,0,R11633
SAPIG0855,2,0,R00658
SAPIG2322,2,0,R09395
SAPIG0604,1,0,R00586
SAPIG0243,4,0,R07888
SAPIG2141,1,0,R04965
SAPIG2095,1,0,R05069
SAPIG1230,4,0,R10120
SAPIG0260,4,0,R01896
SAPIG0858,2,0,R08249
SAPIG1675,1,0,R00513
SAPIG0525,1,0,R10305
SAPIG0778,2,0,R02059
SAPIG2071,1,0,R00485
SAPIG0162,20,0,R08558
SAPIG0686,1,0,R08558
SAPIG0150,6,0,R02557
SAPIG1184,2,0,R02557
SAPIG2180,6,0,R02557
SAPIG1207,1,0,R02090
SAPIG2556,1,0,R01737
SAPIG1822,1,0,R03459
SAPIG2267,1,0,R02948
SAPIG2649,1,0,R02948
SAPIG2568,1,0,R00762
SAPIG2382,1,0,R02288
SAPIG1819,60,0,R04457
SAPIG1104,1,0,R01185
SAPIG1245,2,1,R00405
SAPIG1246,2,1,R00405
SAPIG1764,2,0,R01353
SAPIG0133,1,0,R12311
SAPIG0133,2,0,R12311
SAPIG0200,1,0,R00667
SAPIG0940,1,0,R00667
SAPIG2659,1,0,R02566
SAPIG2660,2,0,R02566
SAPIG0181,1,0,R05238
SAPIG2164,1,0,R05238
SAPIG0153,1,0,R01057
SAPIG1302,4,0,R00847
SAPIG1302,2,0,R00847
SAPIG1583,2,1,R07601
SAPIG1582,2,1,R07601
SAPIG2077,1,0,R03920
SAPIG2178,2,0,R02484
SAPIG1209,1,0,R03269
SAPIG2155,2,0,R00945
SAPIG1467,4,0,R00331
SAPIG1427,1,0,R02236
SAPIG0242,1,0,R06941
SAPIG0181,1,0,R00904
SAPIG2164,1,0,R00904
SAPIG1344,2,0,R01641
SAPIG1062,1,0,R07405
SAPIG2167,1,0,R02568
SAPIG2654,1,0,R02568
SAPIG2078,1,0,R03921
SAPIG1002,1,0,R00104
SAPIG2178,2,0,R02296
SAPIG2137,4,0,R02133
SAPIG2178,2,0,R01570
SAPIG1468,1,0,R09247
SAPIG2467,1,0,R01518
SAPIG0854,1,0,R01518
SAPIG2605,1,0,R00708
SAPIG2574,1,0,R00816
SAPIG0858,2,0,R08255
SAPIG0526,1,0,R02408
SAPIG0438,4,0,R02408
SAPIG0686,1,0,R00623
SAPIG0162,20,0,R00623
SAPIG0181,1,0,R00264
SAPIG2164,1,0,R00264
SAPIG2238,2,0,R00672
SAPIG1260,6,0,R00158
SAPIG0242,1,0,R07898
SAPIG1274,1,0,R00549
SAPIG0252,4,0,R01000
SAPIG2650,4,0,R01000
SAPIG2141,1,0,R04568
SAPIG1092,24,0,R02569
SAPIG2453,2,0,R00789
SAPIG0576,1,0,R08238
SAPIG0858,2,0,R08258
SAPIG1083,1,0,R11325
SAPIG1084,1,0,R11325
SAPIG2095,1,0,R04439
SAPIG0790,2,0,R03508
SAPIG1371,1,0,R03508
SAPIG1456,1,0,R01074
SAPIG2339,1,1,R00131
SAPIG2340,1,1,R00131
SAPIG2338,1,1,R00131
SAPIG1305,1,0,R01122
SAPIG2249,1,0,R03256
SAPIG1467,4,0,R03530
SAPIG1723,8,0,R00036
SAPIG1263,1,0,R01799
SAPIG1395,2,0,R02291
SAPIG2659,1,0,R01025
SAPIG2282,1,0,R01547
SAPIG2547,1,0,R08639
SAPIG1476,1,0,R00512
SAPIG1467,4,0,R12853
SAPIG0243,4,0,R07896
SAPIG0242,1,0,R04737
SAPIG1842,1,0,R04031
SAPIG0858,2,0,R08295
SAPIG1001,4,0,R00429
SAPIG1697,1,0,R00429
SAPIG2559,4,0,R00429
SAPIG1583,2,1,R07603
SAPIG1582,2,1,R07603
SAPIG1093,2,0,R07618
SAPIG1584,2,0,R07618
SAPIG0980,1,0,R04355
SAPIG0579,2,0,R00897
SAPIG0913,2,0,R00717
SAPIG1955,2,0,R00717
SAPIG0025,2,0,R01664
SAPIG0159,1,0,R01664
SAPIG1104,1,0,R01664
SAPIG1013,1,0,R02689
SAPIG0242,1,0,R01975
SAPIG2249,1,0,R03255
SAPIG2268,1,1,R00014
SAPIG2093,1,1,R00014
SAPIG1776,1,0,R01513
SAPIG0242,1,0,R04748
SAPIG0518,1,0,R11945
SAPIG0162,20,0,R02124
SAPIG0686,1,0,R02124
SAPIG2692,1,0,R01819
SAPIG1006,4,0,R04962
SAPIG1573,1,0,R01791
SAPIG2576,1,0,R00704
SAPIG2610,1,0,R00704
SAPIG1581,24,0,R03174
SAPIG0241,1,0,R07953
SAPIG1612,1,0,R01600
SAPIG0283,2,0,R01051
SAPIG1802,1,0,R01051
SAPIG2453,2,0,R00787
SAPIG0438,4,0,R01286
SAPIG0980,1,0,R04963
SAPIG0540,1,0,R02780
SAPIG0576,1,0,R01229
SAPIG0465,2,0,R01229
SAPIG1230,4,0,R04964
SAPIG0277,1,0,R00294
SAPIG1396,2,0,R10147
SAPIG1581,24,0,R02662
SAPIG0243,4,0,R03990
SAPIG0159,1,0,R05135
SAPIG1290,2,0,R05135
SAPIG1752,4,0,R03239
SAPIG0129,1,0,R12312
SAPIG0129,2,0,R12312
SAPIG1043,1,0,R07263
SAPIG0252,4,0,R03104
SAPIG2650,4,0,R03104
SAPIG1751,1,0,R00200
SAPIG1742,1,0,R00130
SAPIG0113,1,0,R03364
SAPIG1571,1,0,R02736
SAPIG1785,1,0,R00316
SAPIG1675,1,0,R00968
SAPIG0128,2,0,R11655
SAPIG0408,1,0,R07770
SAPIG1025,1,0,R07770
SAPIG0025,2,0,R02088
SAPIG0159,1,0,R02088
SAPIG1104,1,0,R02088
SAPIG2477,2,0,R10124
SAPIG1339,1,0,R01134
SAPIG0159,1,0,R03538
SAPIG1290,2,0,R03538
SAPIG1467,4,0,R01857
SAPIG1467,4,0,R02326
SAPIG1330,1,0,R01773
SAPIG1717,1,0,R02237
SAPIG1041,2,0,R08165
SAPIG1467,4,0,R00330
SAPIG0801,2,0,R03243
SAPIG2728,2,0,R03243
SAPIG0241,1,0,R07937
SAPIG1757,4,0,R00508
SAPIG0852,1,0,R01512
SAPIG1071,1,0,R04560
SAPIG0181,1,0,R05050
SAPIG2164,1,0,R05050
SAPIG1803,2,0,R05053
SAPIG1066,1,1,R04463
SAPIG1067,1,1,R04463
SAPIG2167,1,0,R01070
SAPIG2654,1,0,R01070
SAPIG2659,1,0,R02565
SAPIG2660,2,0,R02565
SAPIG1467,4,0,R00722
SAPIG0945,1,0,R03321
SAPIG0629,1,0,R02199
SAPIG0241,1,0,R07895
SAPIG0241,1,0,R07899
SAPIG0980,1,0,R04960
SAPIG1839,1,0,R00341
SAPIG1467,4,0,R01137
SAPIG0728,2,0,R01012
SAPIG0729,2,0,R01012
SAPIG1573,1,0,R01718
SAPIG0468,2,0,R08244
SAPIG1820,1,0,R07281
SAPIG2549,1,0,R00289
SAPIG1147,2,0,R00720
SAPIG2141,1,0,R04954
SAPIG2574,1,0,R05295
SAPIG1336,2,0,R02670
SAPIG0408,1,0,R12433
SAPIG1025,1,0,R12433
SAPIG1803,2,0,R02851
SAPIG0663,1,0,R12425
SAPIG0241,1,0,R03858
SAPIG1581,24,0,R03858
SAPIG1472,1,0,R00844
SAPIG1230,4,0,R04566
SAPIG0243,4,0,R04751
SAPIG1785,1,0,R00236
SAPIG0548,1,0,R02094
SAPIG1093,2,0,R08550
SAPIG1584,2,0,R08550
SAPIG2327,2,0,R07459
SAPIG2451,1,0,R03194
SAPIG1368,2,1,R00986
SAPIG1369,2,1,R00986
SAPIG0790,2,0,R00986
SAPIG1292,1,1,R01196
SAPIG1291,1,1,R01196
SAPIG0787,2,0,R10002
SAPIG1344,2,0,R01830
SAPIG2480,2,0,R03182
SAPIG2059,1,0,R03332
SAPIG0113,1,0,R03332
SAPIG1104,1,0,R01186
SAPIG0980,1,0,R04952
SAPIG1565,1,0,R01054
SAPIG1329,1,0,R00480
SAPIG1394,1,0,R00480
SAPIG0191,2,0,R00519
SAPIG2360,1,0,R00519
SAPIG2268,1,1,R08648
SAPIG2093,1,1,R08648
SAPIG2268,1,0,R08648
SAPIG0328,4,0,R01811
SAPIG2008,1,0,R01724
SAPIG0944,4,0,R01954
SAPIG1428,2,0,R02101
SAPIG1415,2,0,R01700
SAPIG0537,1,1,R00248
SAPIG0538,1,1,R00248
SAPIG1198,1,0,R01993
SAPIG1230,4,0,R07763
SAPIG2596,2,0,R01978
SAPIG2595,4,0,R02081
SAPIG1467,4,0,R00139
SAPIG2581,1,1,R00590
SAPIG2582,1,1,R00590
SAPIG0242,1,0,R05305
SAPIG2356,1,0,R11383
SAPIG0243,4,0,R07950
SAPIG0242,1,0,R04203
SAPIG0260,4,0,R07145
SAPIG2161,2,0,R02099
SAPIG2664,4,0,R11635
SAPIG0162,20,0,R10783
SAPIG0686,1,0,R10783
SAPIG0437,1,0,R00650
SAPIG0162,20,0,R05234
SAPIG0686,1,0,R05234
SAPIG0181,1,0,R05286
SAPIG2164,1,0,R05286
SAPIG0980,1,0,R10115
SAPIG2613,1,0,R09793
SAPIG0814,1,0,R03191
SAPIG1571,1,0,R00835
SAPIG0262,1,0,R05571
SAPIG2478,2,0,R01078
SAPIG0162,20,0,R08557
SAPIG0686,1,0,R08557
SAPIG0814,1,0,R03192
SAPIG1370,2,0,R01073
SAPIG0851,4,0,R01061
SAPIG1741,4,0,R01061
SAPIG0627,1,0,R01526
SAPIG1633,1,0,R02485
SAPIG0168,2,0,R12552
SAPIG2009,2,0,R11712
SAPIG2723,1,0,R04037
SAPIG1230,4,0,R02767
SAPIG0778,2,0,R05168
SAPIG0853,2,0,R01015
SAPIG1006,4,0,R04967
SAPIG1121,6,0,R03035
SAPIG2388,2,0,R09030
SAPIG1768,1,0,R07461
SAPIG2398,8,0,R01123
SAPIG0467,4,0,R01130
SAPIG1633,1,0,R01878
SAPIG1373,2,1,R02722
SAPIG1374,2,1,R02722
SAPIG1070,1,0,R04326
SAPIG1725,1,0,R00084
SAPIG2729,1,0,R03012
SAPIG2059,1,0,R01312
SAPIG2574,1,0,R05404
SAPIG2418,1,0,R00361
SAPIG2655,1,0,R00361
SAPIG1818,1,0,R01253
SAPIG0908,1,0,R12424
SAPIG2252,1,0,R01069
SAPIG1598,1,0,R12427
SAPIG0181,1,0,R04065
SAPIG2164,1,0,R04065
SAPIG2423,1,0,R01154
SAPIG2059,1,0,R02027
SAPIG1583,2,1,R07600
SAPIG1582,2,1,R07600
SAPIG0025,2,0,R00511
SAPIG0159,1,0,R00511
SAPIG1104,1,0,R00511
SAPIG1583,2,1,R10997
SAPIG1582,2,1,R10997
SAPIG0241,1,0,R03778
SAPIG1581,24,0,R03778
SAPIG1230,4,0,R04536
SAPIG1292,1,1,R10516
SAPIG1291,1,1,R10516
SAPIG1303,1,0,R00848
SAPIG2253,1,0,R03236
SAPIG0150,6,0,R01561
SAPIG1184,2,0,R01561
SAPIG2180,6,0,R01561
SAPIG1749,2,0,R00351
SAPIG1467,4,0,R02093
SAPIG2097,2,0,R04426
SAPIG1373,2,1,R02340
SAPIG1374,2,1,R02340
SAPIG0777,1,0,R03232
SAPIG1836,1,0,R02260
SAPIG0945,1,0,R02739
SAPIG0425,1,0,R00310
SAPIG0241,1,0,R00829
SAPIG2141,1,0,R10208
SAPIG1006,4,0,R04959
SAPIG1071,1,0,R01220
SAPIG1112,1,0,R04178
SAPIG1569,1,0,R03291
SAPIG1427,1,0,R02235
SAPIG2257,1,0,R10634
SAPIG0162,20,0,R01172
SAPIG2009,2,0,R11713
SAPIG1230,4,0,R04953
SAPIG0645,1,0,R05338
SAPIG2216,1,0,R02060
SAPIG2725,1,0,R04640
SAPIG2319,1,0,R09394
SAPIG1352,1,0,R01325
SAPIG2214,1,0,R02703
SAPIG2078,1,0,R02410
SAPIG0181,1,0,R00538
SAPIG2164,1,0,R00538
SAPIG1427,1,0,R00940
SAPIG1899,2,0,R04972
SAPIG0980,1,0,R04726
SAPIG0243,4,0,R04754
SAPIG1006,4,0,R04725
SAPIG2668,8,0,R00858
SAPIG2010,2,0,R01373
SAPIG1406,1,0,R01421
SAPIG1147,2,0,R08243
SAPIG1803,2,0,R01582
SAPIG0025,2,0,R00963
SAPIG0159,1,0,R00963
SAPIG1104,1,0,R00963
SAPIG0629,1,0,R02190
SAPIG1201,2,0,R00965
SAPIG1245,4,1,R00352
SAPIG1246,4,1,R00352
SAPIG0582,1,0,R03503
SAPIG1844,1,0,R04030
SAPIG1583,2,1,R10996
SAPIG1582,2,1,R10996
SAPIG1764,2,0,R00315
SAPIG2467,1,0,R01516
SAPIG0854,1,0,R01516
SAPIG0980,1,0,R04957
SAPIG1464,1,0,R03460
SAPIG0899,1,0,R07460
SAPIG1686,1,0,R07460
SAPIG1769,1,0,R07460
SAPIG1476,1,0,R01665
SAPIG1091,1,1,R01699
SAPIG1090,1,1,R01699
SAPIG1727,2,0,R04109
SAPIG0646,4,0,R05339
SAPIG2676,1,0,R02135
SAPIG0181,1,0,R00631
SAPIG0199,1,0,R00631
SAPIG2164,1,0,R00631
SAPIG0025,2,0,R01227
SAPIG0159,1,0,R01227
SAPIG1104,1,0,R01227
SAPIG2172,2,0,R04391
SAPIG0565,3,0,R05332
SAPIG1061,2,0,R01655
SAPIG1207,1,0,R00332
SAPIG2095,1,0,R05068
SAPIG2639,1,0,R01868
SAPIG1427,1,0,R00936
SAPIG2676,1,0,R04620
SAPIG0040,1,0,R01030
SAPIG0942,1,0,R01030
SAPIG1773,1,0,R01030
SAPIG0181,1,0,R02678
SAPIG2164,1,0,R02678
SAPIG0434,1,0,R00238
SAPIG1209,1,0,R04231
SAPIG1104,1,0,R07343
SAPIG2574,1,0,R05406
SAPIG0580,2,0,R03067
SAPIG1373,2,1,R00674
SAPIG1374,2,1,R00674
SAPIG1398,1,0,R04364
SAPIG2282,1,0,R00127
SAPIG1113,1,0,R07411
SAPIG2095,1,0,R04440
SAPIG0437,1,0,R07168
SAPIG1583,2,1,R07604
SAPIG1582,2,1,R07604
SAPIG0025,2,0,R02719
SAPIG0159,1,0,R02719
SAPIG1104,1,0,R02719
SAPIG1352,1,0,R01324
SAPIG0634,1,0,R07280
SAPIG0971,1,0,R07280
SAPIG1368,2,1,R00985
SAPIG1369,2,1,R00985
SAPIG0790,2,0,R00985
SAPIG0181,1,0,R01752
SAPIG2164,1,0,R01752
SAPIG1285,1,0,R01801
SAPIG0150,6,0,R02748
SAPIG1184,2,0,R02748
SAPIG2180,6,0,R02748
SAPIG2495,1,0,R02472
SAPIG2648,1,0,R02472
SAPIG0269,1,1,R01525
SAPIG0264,1,1,R01525
SAPIG2676,1,0,R03024
SAPIG0181,1,0,R05237
SAPIG2164,1,0,R05237
SAPIG2172,2,0,R02971
SAPIG2385,1,0,R02285
SAPIG1698,2,0,R00190
SAPIG2605,1,0,R00707
SAPIG0631,2,0,R02089
SAPIG2241,1,0,R12353
SAPIG1822,1,0,R03458
SAPIG0181,1,0,R08146
SAPIG2164,1,0,R08146
SAPIG2002,4,0,R04559
SAPIG0791,1,0,R01716
SAPIG2134,1,0,R10712
SAPIG1659,1,0,R00137
SAPIG2727,1,0,R03457
SAPIG1717,1,0,R00942
SAPIG2123,1,0,R04617
SAPIG1164,1,0,R00150
SAPIG2682,1,0,R00150
SAPIG1147,2,0,R03531
SAPIG1467,4,0,R00156
SAPIG0181,1,0,R03283
SAPIG2164,1,0,R03283
SAPIG1366,1,0,R01728
SAPIG1898,1,0,R11329
SAPIG1006,4,0,R04430
SAPIG0576,1,0,R08237
SAPIG1583,2,1,R07602
SAPIG1582,2,1,R07602
SAPIG2568,1,0,R04780
SAPIG0665,2,0,R01121
SAPIG2692,1,0,R00772
SAPIG1336,2,0,R00009
SAPIG0467,3,0,R08240
SAPIG0243,4,0,R01175
SAPIG1352,1,0,R01900
SAPIG2664,2,0,R11634
SAPIG2169,4,0,R00571
SAPIG1581,24,0,R10998
SAPIG0858,2,0,R08300
SAPIG2071,1,0,R00269
SAPIG1013,1,0,R04377
SAPIG0686,1,0,R00624
SAPIG0162,20,0,R00624
SAPIG0662,1,0,R00921
SAPIG2268,1,1,R00226
SAPIG2093,1,1,R00226
SAPIG0280,1,0,R00839
SAPIG0241,1,0,R00927
SAPIG0434,1,0,R00927
SAPIG0945,1,0,R02740
SAPIG0252,4,0,R00703
SAPIG2650,4,0,R00703
SAPIG0720,4,0,R00856
SAPIG0720,2,0,R00856
SAPIG1465,1,0,R03083
SAPIG2239,1,0,R12354
SAPIG1664,1,0,R01401
SAPIG0436,1,0,R04405
SAPIG0629,1,0,R01214
SAPIG2141,1,0,R10117
SAPIG1355,1,0,R12241
SAPIG2167,1,0,R01068
SAPIG2654,1,0,R01068
SAPIG1215,1,0,R03940
SAPIG1603,1,0,R02412
SAPIG0666,2,0,R03245
SAPIG0858,2,0,R08251
SAPIG2097,2,0,R10052
SAPIG0242,1,0,R07894
SAPIG2581,1,1,R00220
SAPIG2582,1,1,R00220
SAPIG2100,4,0,R00220
SAPIG1437,2,0,R00220
SAPIG1401,2,0,R00451
SAPIG2250,1,0,R04393
SAPIG0169,2,0,R00414
SAPIG0178,1,0,R00414
SAPIG2153,1,0,R00414
SAPIG2605,1,0,R00245
SAPIG0260,4,0,R00875
SAPIG0135,2,0,R12309
SAPIG2730,1,0,R01071
SAPIG2078,1,0,R00801
SAPIG1573,1,0,R00801
SAPIG1274,1,0,R00161
SAPIG1752,4,0,R03237
SAPIG0136,2,0,R12344
SAPIG0136,4,0,R12344
SAPIG1427,1,0,R00939
SAPIG2605,1,0,R05051
SAPIG0017,2,0,R01135
SAPIG1372,1,0,R03509
SAPIG0408,1,0,R12449
SAPIG1025,1,0,R12449
SAPIG0565,3,0,R00416
SAPIG0162,20,0,R05233
SAPIG0686,1,0,R05233
SAPIG0858,2,0,R06728
